2020-12-10T15:30:00+02:00,165.75758
2020-12-10T15:31:00+02:00,167.65875
2020-12-10T15:32:00+02:00,0
2020-12-10T15:33:00+02:00,167.24843
2020-12-10T15:34:00+02:00,0
2020-12-10T15:35:00+02:00,162.9972
2020-12-10T15:36:00+02:00,167.20982
2020-12-10T15:37:00+02:00,169.5366
2020-12-10T15:38:00+02:00,0
2020-12-10T15:39:00+02:00,165.23865
2020-12-10T15:40:00+02:00,168.30421
2020-12-10T15:41:00+02:00,169.45259
2020-12-10T15:42:00+02:00,0
2020-12-10T15:43:00+02:00,0
2020-12-10T15:44:00+02:00,161.88551
2020-12-10T15:45:00+02:00,161.34454
2020-12-10T15:46:00+02:00,160.98752
2020-12-10T15:47:00+02:00,159.6326
2020-12-10T15:48:00+02:00,0
2020-12-10T15:49:00+02:00,168.68883
2020-12-10T15:50:00+02:00,168.51878
2020-12-10T15:51:00+02:00,168.6528
2020-12-10T15:52:00+02:00,165.96577
2020-12-10T15:53:00+02:00,164.34087
2020-12-10T15:54:00+02:00,162.60658
2020-12-10T15:55:00+02:00,161.44473
2020-12-10T15:56:00+02:00,0
2020-12-10T15:57:00+02:00,170.8739
2020-12-10T15:58:00+02:00,0
2020-12-10T15:59:00+02:00,164.80576
2020-12-10T16:00:00+02:00,164.24214
2020-12-10T16:01:00+02:00,163.30922
2020-12-10T16:02:00+02:00,166.87247
2020-12-10T16:03:00+02:00,169.95593
2020-12-10T16:04:00+02:00,169.01375
2020-12-10T16:05:00+02:00,168.16203
2020-12-10T16:06:00+02:00,165.38113
2020-12-10T16:07:00+02:00,165.59894
2020-12-10T16:08:00+02:00,0
2020-12-10T16:09:00+02:00,170.55699
2020-12-10T16:10:00+02:00,161.4776
2020-12-10T16:11:00+02:00,170.74005
2020-12-10T16:12:00+02:00,177.00334
2020-12-10T16:13:00+02:00,164.9342
2020-12-10T16:14:00+02:00,168.55307
2020-12-10T16:15:00+02:00,172.3691
2020-12-10T16:16:00+02:00,175.10484
2020-12-10T16:17:00+02:00,177.50116
2020-12-10T16:18:00+02:00,177.9111
2020-12-10T16:19:00+02:00,176.92207
2020-12-10T16:20:00+02:00,176.32396
2020-12-10T16:21:00+02:00,173.34778
2020-12-10T16:22:00+02:00,169.16751
2020-12-10T16:23:00+02:00,164.62659
2020-12-10T16:24:00+02:00,0
2020-12-10T16:25:00+02:00,187.69273
2020-12-10T16:26:00+02:00,183.52977
2020-12-10T16:27:00+02:00,179.34706
2020-12-10T16:28:00+02:00,174.05992
2020-12-10T16:29:00+02:00,164.49066
2020-12-10T16:30:00+02:00,190.84879
2020-12-10T16:31:00+02:00,166.81808
2020-12-10T16:32:00+02:00,190.90358
2020-12-10T16:33:00+02:00,175.28093
2020-12-10T16:34:00+02:00,200.36736
2020-12-10T16:35:00+02:00,181.43974
2020-12-10T16:36:00+02:00,164.00362
2020-12-10T16:37:00+02:00,189.14084
2020-12-10T16:38:00+02:00,170.44606
2020-12-10T16:39:00+02:00,196.1789
2020-12-10T16:40:00+02:00,178.72743
2020-12-10T16:41:00+02:00,203.1342
2020-12-10T16:42:00+02:00,184.7583
2020-12-10T16:43:00+02:00,164.93227
2020-12-10T16:44:00+02:00,191.43524
2020-12-10T16:45:00+02:00,170.20308
2020-12-10T16:46:00+02:00,196.58463
2020-12-10T16:47:00+02:00,173.23885
2020-12-10T16:48:00+02:00,198.80624
2020-12-10T16:49:00+02:00,175.54337
2020-12-10T16:50:00+02:00,199.72115
2020-12-10T16:51:00+02:00,177.63681
2020-12-10T16:52:00+02:00,204.29184
2020-12-10T16:53:00+02:00,179.61543
2020-12-10T16:54:00+02:00,202.95476
2020-12-10T16:55:00+02:00,178.5816
2020-12-10T16:56:00+02:00,204.80017
2020-12-10T16:57:00+02:00,180.75446
2020-12-10T16:58:00+02:00,206.32466
2020-12-10T16:59:00+02:00,185.38765
2020-12-10T17:00:00+02:00,0
2020-12-10T17:01:00+02:00,194.19377
2020-12-10T17:02:00+02:00,226.64207
2020-12-10T17:03:00+02:00,255.30551
2020-12-10T17:04:00+02:00,282.054
2020-12-10T17:05:00+02:00,307.27554
2020-12-10T17:06:00+02:00,331.41776
2020-12-10T17:07:00+02:00,194.0246
2020-12-10T17:08:00+02:00,231.92412
2020-12-10T17:09:00+02:00,265.62265
2020-12-10T17:10:00+02:00,301.0666
2020-12-10T17:11:00+02:00,329.94916
2020-12-10T17:12:00+02:00,354.4155
2020-12-10T17:13:00+02:00,375.93082
2020-12-10T17:14:00+02:00,168.67336
2020-12-10T17:15:00+02:00,212.76135
2020-12-10T17:16:00+02:00,252.01955
2020-12-10T17:17:00+02:00,287.7951
2020-12-10T17:18:00+02:00,320.74597
2020-12-10T17:19:00+02:00,352.1963
2020-12-10T17:20:00+02:00,378.47952
2020-12-10T17:21:00+02:00,402.87772
2020-12-10T17:22:00+02:00,428.6035
2020-12-10T17:23:00+02:00,184.77876
2020-12-10T17:24:00+02:00,230.54337
2020-12-10T17:25:00+02:00,270.9379
2020-12-10T17:26:00+02:00,310.49988
2020-12-10T17:27:00+02:00,343.94037
2020-12-10T17:28:00+02:00,377.53925
2020-12-10T17:29:00+02:00,403.19006
2020-12-10T17:30:00+02:00,425.72974
2020-12-10T17:31:00+02:00,449.64493
2020-12-10T17:32:00+02:00,163.77393
2020-12-10T17:33:00+02:00,212.30762
2020-12-10T17:34:00+02:00,257.89078
2020-12-10T17:35:00+02:00,302.2871
2020-12-10T17:36:00+02:00,339.5496
2020-12-10T17:37:00+02:00,377.62503
2020-12-10T17:38:00+02:00,404.63684
2020-12-10T17:39:00+02:00,430.39584
2020-12-10T17:40:00+02:00,455.12674
2020-12-10T17:41:00+02:00,477.998
2020-12-10T17:42:00+02:00,194.45818
2020-12-10T17:43:00+02:00,240.90149
2020-12-10T17:44:00+02:00,285.47263
2020-12-10T17:45:00+02:00,328.0355
2020-12-10T17:46:00+02:00,363.74066
2020-12-10T17:47:00+02:00,392.06085
2020-12-10T17:48:00+02:00,423.6801
2020-12-10T17:49:00+02:00,448.88104
2020-12-10T17:50:00+02:00,474.1733
2020-12-10T17:51:00+02:00,167.1826
2020-12-10T17:52:00+02:00,218.57472
2020-12-10T17:53:00+02:00,263.4374
2020-12-10T17:54:00+02:00,307.34268
2020-12-10T17:55:00+02:00,348.57068
2020-12-10T17:56:00+02:00,380.28345
2020-12-10T17:57:00+02:00,412.9298
2020-12-10T17:58:00+02:00,442.23337
2020-12-10T17:59:00+02:00,464.4846
2020-12-10T18:00:00+02:00,481.35742
2020-12-10T18:01:00+02:00,0
2020-12-10T18:02:00+02:00,0
2020-12-10T18:03:00+02:00,0
2020-12-10T18:04:00+02:00,0
2020-12-10T18:05:00+02:00,0
2020-12-10T18:06:00+02:00,0
2020-12-10T18:07:00+02:00,0
2020-12-10T18:08:00+02:00,0
2020-12-10T18:09:00+02:00,0
2020-12-10T18:10:00+02:00,0
2020-12-10T18:11:00+02:00,0
2020-12-10T18:12:00+02:00,0
2020-12-10T18:13:00+02:00,0
2020-12-10T18:14:00+02:00,0
2020-12-10T18:15:00+02:00,0
2020-12-10T18:16:00+02:00,0
2020-12-10T18:17:00+02:00,0
2020-12-10T18:18:00+02:00,0
2020-12-10T18:19:00+02:00,0
2020-12-10T18:20:00+02:00,0
2020-12-10T18:21:00+02:00,0
2020-12-10T18:22:00+02:00,0
2020-12-10T18:23:00+02:00,0
2020-12-10T18:24:00+02:00,0
2020-12-10T18:25:00+02:00,0
2020-12-10T18:26:00+02:00,0
2020-12-10T18:27:00+02:00,0
2020-12-10T18:28:00+02:00,0
2020-12-10T18:29:00+02:00,0
2020-12-10T18:30:00+02:00,0
2020-12-10T18:31:00+02:00,0
2020-12-10T18:32:00+02:00,0
2020-12-10T18:33:00+02:00,0
2020-12-10T18:34:00+02:00,0
2020-12-10T18:35:00+02:00,0
2020-12-10T18:36:00+02:00,0
2020-12-10T18:37:00+02:00,0
2020-12-10T18:38:00+02:00,0
2020-12-10T18:39:00+02:00,0
2020-12-10T18:40:00+02:00,0
2020-12-10T18:41:00+02:00,0
2020-12-10T18:42:00+02:00,0
2020-12-10T18:43:00+02:00,0
2020-12-10T18:44:00+02:00,0
2020-12-10T18:45:00+02:00,0
2020-12-10T18:46:00+02:00,0
2020-12-10T18:47:00+02:00,0
2020-12-10T18:48:00+02:00,0
2020-12-10T18:49:00+02:00,0
2020-12-10T18:50:00+02:00,0
2020-12-10T18:51:00+02:00,0
2020-12-10T18:52:00+02:00,0
2020-12-10T18:53:00+02:00,0
2020-12-10T18:54:00+02:00,0
2020-12-10T18:55:00+02:00,0
2020-12-10T18:56:00+02:00,0
2020-12-10T18:57:00+02:00,0
2020-12-10T18:58:00+02:00,0
2020-12-10T18:59:00+02:00,0
2020-12-10T19:00:00+02:00,0
2020-12-10T19:01:00+02:00,0
2020-12-10T19:02:00+02:00,0
2020-12-10T19:03:00+02:00,0
2020-12-10T19:04:00+02:00,0
2020-12-10T19:05:00+02:00,0
2020-12-10T19:06:00+02:00,0
2020-12-10T19:07:00+02:00,0
2020-12-10T19:08:00+02:00,0
2020-12-10T19:09:00+02:00,0
2020-12-10T19:10:00+02:00,0
2020-12-10T19:11:00+02:00,0
2020-12-10T19:12:00+02:00,0
2020-12-10T19:13:00+02:00,0
2020-12-10T19:14:00+02:00,0
2020-12-10T19:15:00+02:00,0
2020-12-10T19:16:00+02:00,0
2020-12-10T19:17:00+02:00,0
2020-12-10T19:18:00+02:00,0
2020-12-10T19:19:00+02:00,0
2020-12-10T19:20:00+02:00,0
2020-12-10T19:21:00+02:00,0
2020-12-10T19:22:00+02:00,0
2020-12-10T19:23:00+02:00,0
2020-12-10T19:24:00+02:00,0
2020-12-10T19:25:00+02:00,0
2020-12-10T19:26:00+02:00,0
2020-12-10T19:27:00+02:00,0
2020-12-10T19:28:00+02:00,0
2020-12-10T19:29:00+02:00,0
2020-12-10T19:30:00+02:00,0
2020-12-10T19:31:00+02:00,0
2020-12-10T19:32:00+02:00,0
2020-12-10T19:33:00+02:00,0
2020-12-10T19:34:00+02:00,0
2020-12-10T19:35:00+02:00,0
2020-12-10T19:36:00+02:00,0
2020-12-10T19:37:00+02:00,0
2020-12-10T19:38:00+02:00,0
2020-12-10T19:39:00+02:00,0
2020-12-10T19:40:00+02:00,0
2020-12-10T19:41:00+02:00,0
2020-12-10T19:42:00+02:00,0
2020-12-10T19:43:00+02:00,0
2020-12-10T19:44:00+02:00,0
2020-12-10T19:45:00+02:00,0
2020-12-10T19:46:00+02:00,0
2020-12-10T19:47:00+02:00,0
2020-12-10T19:48:00+02:00,0
2020-12-10T19:49:00+02:00,0
2020-12-10T19:50:00+02:00,0
2020-12-10T19:51:00+02:00,0
2020-12-10T19:52:00+02:00,0
2020-12-10T19:53:00+02:00,0
2020-12-10T19:54:00+02:00,0
2020-12-10T19:55:00+02:00,0
2020-12-10T19:56:00+02:00,0
2020-12-10T19:57:00+02:00,0
2020-12-10T19:58:00+02:00,0
2020-12-10T19:59:00+02:00,0
2020-12-10T20:00:00+02:00,0
2020-12-10T20:01:00+02:00,0
2020-12-10T20:02:00+02:00,0
2020-12-10T20:03:00+02:00,0
2020-12-10T20:04:00+02:00,0
2020-12-10T20:05:00+02:00,0
2020-12-10T20:06:00+02:00,0
2020-12-10T20:07:00+02:00,0
2020-12-10T20:08:00+02:00,0
2020-12-10T20:09:00+02:00,0
2020-12-10T20:10:00+02:00,0
2020-12-10T20:11:00+02:00,0
2020-12-10T20:12:00+02:00,0
2020-12-10T20:13:00+02:00,0
2020-12-10T20:14:00+02:00,0
2020-12-10T20:15:00+02:00,0
2020-12-10T20:16:00+02:00,0
2020-12-10T20:17:00+02:00,0
2020-12-10T20:18:00+02:00,0
2020-12-10T20:19:00+02:00,0
2020-12-10T20:20:00+02:00,0
2020-12-10T20:21:00+02:00,0
2020-12-10T20:22:00+02:00,0
2020-12-10T20:23:00+02:00,0
2020-12-10T20:24:00+02:00,0
2020-12-10T20:25:00+02:00,0
2020-12-10T20:26:00+02:00,0
2020-12-10T20:27:00+02:00,0
2020-12-10T20:28:00+02:00,0
2020-12-10T20:29:00+02:00,0
2020-12-10T20:30:00+02:00,0
2020-12-10T20:31:00+02:00,0
2020-12-10T20:32:00+02:00,0
2020-12-10T20:33:00+02:00,0
2020-12-10T20:34:00+02:00,0
2020-12-10T20:35:00+02:00,0
2020-12-10T20:36:00+02:00,0
2020-12-10T20:37:00+02:00,0
2020-12-10T20:38:00+02:00,0
2020-12-10T20:39:00+02:00,0
2020-12-10T20:40:00+02:00,0
2020-12-10T20:41:00+02:00,0
2020-12-10T20:42:00+02:00,0
2020-12-10T20:43:00+02:00,0
2020-12-10T20:44:00+02:00,0
2020-12-10T20:45:00+02:00,0
2020-12-10T20:46:00+02:00,0
2020-12-10T20:47:00+02:00,0
2020-12-10T20:48:00+02:00,0
2020-12-10T20:49:00+02:00,0
2020-12-10T20:50:00+02:00,0
2020-12-10T20:51:00+02:00,0
2020-12-10T20:52:00+02:00,0
2020-12-10T20:53:00+02:00,0
2020-12-10T20:54:00+02:00,0
2020-12-10T20:55:00+02:00,0
2020-12-10T20:56:00+02:00,0
2020-12-10T20:57:00+02:00,0
2020-12-10T20:58:00+02:00,0
2020-12-10T20:59:00+02:00,0
2020-12-10T21:00:00+02:00,0
2020-12-10T21:01:00+02:00,0
2020-12-10T21:02:00+02:00,0
2020-12-10T21:03:00+02:00,0
2020-12-10T21:04:00+02:00,0
2020-12-10T21:05:00+02:00,0
2020-12-10T21:06:00+02:00,0
2020-12-10T21:07:00+02:00,0
2020-12-10T21:08:00+02:00,0
2020-12-10T21:09:00+02:00,0
2020-12-10T21:10:00+02:00,0
2020-12-10T21:11:00+02:00,0
2020-12-10T21:12:00+02:00,0
2020-12-10T21:13:00+02:00,0
2020-12-10T21:14:00+02:00,131.55078
2020-12-10T21:15:00+02:00,166.6861
2020-12-10T21:16:00+02:00,196.78828
2020-12-10T21:17:00+02:00,234.2999
2020-12-10T21:18:00+02:00,264.08072
2020-12-10T21:19:00+02:00,295.33655
2020-12-10T21:20:00+02:00,326.6173
2020-12-10T21:21:00+02:00,128.67706
2020-12-10T21:22:00+02:00,176.73987
2020-12-10T21:23:00+02:00,222.42091
2020-12-10T21:24:00+02:00,266.05716
2020-12-10T21:25:00+02:00,308.58228
2020-12-10T21:26:00+02:00,351.7882
2020-12-10T21:27:00+02:00,383.6379
2020-12-10T21:28:00+02:00,418.4915
2020-12-10T21:29:00+02:00,423.4803
2020-12-10T21:30:00+02:00,415.70667
2020-12-10T21:31:00+02:00,412.62946
2020-12-10T21:32:00+02:00,414.07266
2020-12-10T21:33:00+02:00,412.26004
2020-12-10T21:34:00+02:00,416.36642
2020-12-10T21:35:00+02:00,415.74387
2020-12-10T21:36:00+02:00,404.88925
2020-12-10T21:37:00+02:00,408.1729
2020-12-10T21:38:00+02:00,404.68143
2020-12-10T21:39:00+02:00,412.62225
2020-12-10T21:40:00+02:00,403.52087
2020-12-10T21:41:00+02:00,399.1243
2020-12-10T21:42:00+02:00,404.3627
2020-12-10T21:43:00+02:00,397.38535
2020-12-10T21:44:00+02:00,393.29477
2020-12-10T21:45:00+02:00,396.87003
2020-12-10T21:46:00+02:00,400.82718
2020-12-10T21:47:00+02:00,398.8018
2020-12-10T21:48:00+02:00,392.98602
2020-12-10T21:49:00+02:00,401.8331
2020-12-10T21:50:00+02:00,402.7118
2020-12-10T21:51:00+02:00,399.07486
2020-12-10T21:52:00+02:00,400.0579
2020-12-10T21:53:00+02:00,399.55185
2020-12-10T21:54:00+02:00,407.48956
2020-12-10T21:55:00+02:00,405.06113
2020-12-10T21:56:00+02:00,402.28662
2020-12-10T21:57:00+02:00,402.1122
2020-12-10T21:58:00+02:00,388.89362
2020-12-10T21:59:00+02:00,390.16653
2020-12-10T22:00:00+02:00,390.42404
2020-12-10T22:01:00+02:00,399.41406
2020-12-10T22:02:00+02:00,401.35474
2020-12-10T22:03:00+02:00,407.38394
2020-12-10T22:04:00+02:00,395.6168
2020-12-10T22:05:00+02:00,406.47528
2020-12-10T22:06:00+02:00,402.9767
2020-12-10T22:07:00+02:00,406.82938
2020-12-10T22:08:00+02:00,396.2882
2020-12-10T22:09:00+02:00,402.03647
2020-12-10T22:10:00+02:00,397.79175
2020-12-10T22:11:00+02:00,399.03812
2020-12-10T22:12:00+02:00,397.2548
2020-12-10T22:13:00+02:00,390.69617
2020-12-10T22:14:00+02:00,391.00253
2020-12-10T22:15:00+02:00,390.7297
2020-12-10T22:16:00+02:00,392.57425
2020-12-10T22:17:00+02:00,405.59387
2020-12-10T22:18:00+02:00,400.4812
2020-12-10T22:19:00+02:00,395.32977
2020-12-10T22:20:00+02:00,395.69907
2020-12-10T22:21:00+02:00,399.88464
2020-12-10T22:22:00+02:00,396.11575
2020-12-10T22:23:00+02:00,390.2272
2020-12-10T22:24:00+02:00,395.60272
2020-12-10T22:25:00+02:00,393.41827
2020-12-10T22:26:00+02:00,400.0167
2020-12-10T22:27:00+02:00,399.55402
2020-12-10T22:28:00+02:00,397.60132
2020-12-10T22:29:00+02:00,402.2934
2020-12-10T22:30:00+02:00,402.41113
2020-12-10T22:31:00+02:00,393.72598
2020-12-10T22:32:00+02:00,405.32172
2020-12-10T22:33:00+02:00,398.18793
2020-12-10T22:34:00+02:00,406.10657
2020-12-10T22:35:00+02:00,394.08487
2020-12-10T22:36:00+02:00,397.32904
2020-12-10T22:37:00+02:00,394.85495
2020-12-10T22:38:00+02:00,405.38947
2020-12-10T22:39:00+02:00,397.45975
2020-12-10T22:40:00+02:00,402.88208
2020-12-10T22:41:00+02:00,399.20807
2020-12-10T22:42:00+02:00,397.23087
2020-12-10T22:43:00+02:00,403.4497
2020-12-10T22:44:00+02:00,397.41718
2020-12-10T22:45:00+02:00,398.00494
2020-12-10T22:46:00+02:00,398.8851
2020-12-10T22:47:00+02:00,401.90622
2020-12-10T22:48:00+02:00,404.05496
2020-12-10T22:49:00+02:00,402.7072
2020-12-10T22:50:00+02:00,389.8533
2020-12-10T22:51:00+02:00,397.55142
2020-12-10T22:52:00+02:00,402.311
2020-12-10T22:53:00+02:00,397.82687
2020-12-10T22:54:00+02:00,398.91785
2020-12-10T22:55:00+02:00,400.22772
2020-12-10T22:56:00+02:00,401.9369
2020-12-10T22:57:00+02:00,393.82156
2020-12-10T22:58:00+02:00,397.86487
2020-12-10T22:59:00+02:00,397.73828
2020-12-10T23:00:00+02:00,401.70013
2020-12-10T23:01:00+02:00,397.33936
2020-12-10T23:02:00+02:00,400.60654
2020-12-10T23:03:00+02:00,395.60144
2020-12-10T23:04:00+02:00,395.70743
2020-12-10T23:05:00+02:00,387.44995
2020-12-10T23:06:00+02:00,384.96143
2020-12-10T23:07:00+02:00,395.0344
2020-12-10T23:08:00+02:00,401.5423
2020-12-10T23:09:00+02:00,400.16455
2020-12-10T23:10:00+02:00,398.03836
2020-12-10T23:11:00+02:00,400.9891
2020-12-10T23:12:00+02:00,403.816
2020-12-10T23:13:00+02:00,404.73703
2020-12-10T23:14:00+02:00,405.6251
2020-12-10T23:15:00+02:00,401.3228
2020-12-10T23:16:00+02:00,402.24176
2020-12-10T23:17:00+02:00,391.31152
2020-12-10T23:18:00+02:00,394.8141
2020-12-10T23:19:00+02:00,403.36124
2020-12-10T23:20:00+02:00,392.75793
2020-12-10T23:21:00+02:00,395.51804
2020-12-10T23:22:00+02:00,400.80475
2020-12-10T23:23:00+02:00,387.73157
2020-12-10T23:24:00+02:00,399.7822
2020-12-10T23:25:00+02:00,397.11276
2020-12-10T23:26:00+02:00,393.66006
2020-12-10T23:27:00+02:00,392.59027
2020-12-10T23:28:00+02:00,388.71725
2020-12-10T23:29:00+02:00,383.43478
2020-12-10T23:30:00+02:00,388.5971
2020-12-10T23:31:00+02:00,399.43146
2020-12-10T23:32:00+02:00,398.40366
2020-12-10T23:33:00+02:00,402.6549
2020-12-10T23:34:00+02:00,401.41025
2020-12-10T23:35:00+02:00,403.0599
2020-12-10T23:36:00+02:00,398.87137
2020-12-10T23:37:00+02:00,401.75415
2020-12-10T23:38:00+02:00,403.70193
2020-12-10T23:39:00+02:00,392.2474
2020-12-10T23:40:00+02:00,401.9282
2020-12-10T23:41:00+02:00,396.80927
2020-12-10T23:42:00+02:00,393.59872
2020-12-10T23:43:00+02:00,385.75632
2020-12-10T23:44:00+02:00,394.73892
2020-12-10T23:45:00+02:00,395.66885
2020-12-10T23:46:00+02:00,389.73532
2020-12-10T23:47:00+02:00,389.93353
2020-12-10T23:48:00+02:00,391.82318
2020-12-10T23:49:00+02:00,388.28604
2020-12-10T23:50:00+02:00,391.77362
2020-12-10T23:51:00+02:00,395.56482
2020-12-10T23:52:00+02:00,386.59232
2020-12-10T23:53:00+02:00,387.29523
2020-12-10T23:54:00+02:00,399.45148
2020-12-10T23:55:00+02:00,394.00717
2020-12-10T23:56:00+02:00,395.85162
2020-12-10T23:57:00+02:00,401.65573
2020-12-10T23:58:00+02:00,400.73837
2020-12-10T23:59:00+02:00,392.4146
2020-12-11T00:00:00+02:00,391.2082
2020-12-11T00:01:00+02:00,391.05905
2020-12-11T00:02:00+02:00,402.06955
2020-12-11T00:03:00+02:00,399.43695
2020-12-11T00:04:00+02:00,399.0926
2020-12-11T00:05:00+02:00,400.31436
2020-12-11T00:06:00+02:00,395.36377
2020-12-11T00:07:00+02:00,398.26724
2020-12-11T00:08:00+02:00,405.3953
2020-12-11T00:09:00+02:00,399.4248
2020-12-11T00:10:00+02:00,396.35046
2020-12-11T00:11:00+02:00,396.6543
2020-12-11T00:12:00+02:00,404.8858
2020-12-11T00:13:00+02:00,402.7604
2020-12-11T00:14:00+02:00,399.0342
2020-12-11T00:15:00+02:00,392.9201
2020-12-11T00:16:00+02:00,398.55734
2020-12-11T00:17:00+02:00,403.44522
2020-12-11T00:18:00+02:00,402.48175
2020-12-11T00:19:00+02:00,404.087
2020-12-11T00:20:00+02:00,392.27213
2020-12-11T00:21:00+02:00,401.95303
2020-12-11T00:22:00+02:00,395.7967
2020-12-11T00:23:00+02:00,392.45972
2020-12-11T00:24:00+02:00,390.12247
2020-12-11T00:25:00+02:00,392.783
2020-12-11T00:26:00+02:00,399.02817
2020-12-11T00:27:00+02:00,393.41837
2020-12-11T00:28:00+02:00,390.65338
2020-12-11T00:29:00+02:00,396.49545
2020-12-11T00:30:00+02:00,406.7187
2020-12-11T00:31:00+02:00,403.58176
2020-12-11T00:32:00+02:00,408.17496
2020-12-11T00:33:00+02:00,403.15237
2020-12-11T00:34:00+02:00,400.21286
2020-12-11T00:35:00+02:00,402.45703
2020-12-11T00:36:00+02:00,399.99222
2020-12-11T00:37:00+02:00,393.59976
2020-12-11T00:38:00+02:00,389.48608
2020-12-11T00:39:00+02:00,394.70377
2020-12-11T00:40:00+02:00,394.30975
2020-12-11T00:41:00+02:00,400.64154
2020-12-11T00:42:00+02:00,399.80612
2020-12-11T00:43:00+02:00,396.6384
2020-12-11T00:44:00+02:00,404.60144
2020-12-11T00:45:00+02:00,395.47272
2020-12-11T00:46:00+02:00,406.09946
2020-12-11T00:47:00+02:00,393.23572
2020-12-11T00:48:00+02:00,399.63058
2020-12-11T00:49:00+02:00,402.0003
2020-12-11T00:50:00+02:00,399.55606
2020-12-11T00:51:00+02:00,395.41458
2020-12-11T00:52:00+02:00,389.3848
2020-12-11T00:53:00+02:00,392.31964
2020-12-11T00:54:00+02:00,394.38608
2020-12-11T00:55:00+02:00,393.9313
2020-12-11T00:56:00+02:00,390.53058
2020-12-11T00:57:00+02:00,398.8241
2020-12-11T00:58:00+02:00,400.68652
2020-12-11T00:59:00+02:00,392.93475
2020-12-11T01:00:00+02:00,393.237
2020-12-11T01:01:00+02:00,402.46814
2020-12-11T01:02:00+02:00,404.99133
2020-12-11T01:03:00+02:00,403.35413
2020-12-11T01:04:00+02:00,399.5643
2020-12-11T01:05:00+02:00,408.3822
2020-12-11T01:06:00+02:00,408.08157
2020-12-11T01:07:00+02:00,406.55035
2020-12-11T01:08:00+02:00,405.18646
2020-12-11T01:09:00+02:00,405.2471
2020-12-11T01:10:00+02:00,392.2527
2020-12-11T01:11:00+02:00,395.90472
2020-12-11T01:12:00+02:00,401.87717
2020-12-11T01:13:00+02:00,402.35254
2020-12-11T01:14:00+02:00,396.15845
2020-12-11T01:15:00+02:00,395.33618
2020-12-11T01:16:00+02:00,397.59753
2020-12-11T01:17:00+02:00,403.35574
2020-12-11T01:18:00+02:00,395.32874
2020-12-11T01:19:00+02:00,396.21576
2020-12-11T01:20:00+02:00,393.85178
2020-12-11T01:21:00+02:00,393.77588
2020-12-11T01:22:00+02:00,389.24197
2020-12-11T01:23:00+02:00,391.63895
2020-12-11T01:24:00+02:00,400.57687
2020-12-11T01:25:00+02:00,404.86145
2020-12-11T01:26:00+02:00,400.63742
2020-12-11T01:27:00+02:00,390.40308
2020-12-11T01:28:00+02:00,399.08868
2020-12-11T01:29:00+02:00,397.51605
2020-12-11T01:30:00+02:00,397.31372
2020-12-11T01:31:00+02:00,402.98175
2020-12-11T01:32:00+02:00,401.93506
2020-12-11T01:33:00+02:00,402.92773
2020-12-11T01:34:00+02:00,401.69656
2020-12-11T01:35:00+02:00,404.42667
2020-12-11T01:36:00+02:00,405.2717
2020-12-11T01:37:00+02:00,410.81476
2020-12-11T01:38:00+02:00,402.32004
2020-12-11T01:39:00+02:00,392.0032
2020-12-11T01:40:00+02:00,397.33133
2020-12-11T01:41:00+02:00,400.35248
2020-12-11T01:42:00+02:00,393.10104
2020-12-11T01:43:00+02:00,394.48737
2020-12-11T01:44:00+02:00,396.41443
2020-12-11T01:45:00+02:00,403.11792
2020-12-11T01:46:00+02:00,395.3911
2020-12-11T01:47:00+02:00,396.26154
2020-12-11T01:48:00+02:00,394.1184
2020-12-11T01:49:00+02:00,395.93573
2020-12-11T01:50:00+02:00,407.02655
2020-12-11T01:51:00+02:00,400.20416
2020-12-11T01:52:00+02:00,404.85284
2020-12-11T01:53:00+02:00,398.8424
2020-12-11T01:54:00+02:00,401.36514
2020-12-11T01:55:00+02:00,404.4014
2020-12-11T01:56:00+02:00,406.37698
2020-12-11T01:57:00+02:00,404.79974
2020-12-11T01:58:00+02:00,406.76425
2020-12-11T01:59:00+02:00,403.66553
2020-12-11T02:00:00+02:00,409.9416
2020-12-11T02:01:00+02:00,408.8941
2020-12-11T02:02:00+02:00,406.63962
2020-12-11T02:03:00+02:00,398.3549
2020-12-11T02:04:00+02:00,399.29584
2020-12-11T02:05:00+02:00,398.76038
2020-12-11T02:06:00+02:00,404.2255
2020-12-11T02:07:00+02:00,401.22473
2020-12-11T02:08:00+02:00,402.82416
2020-12-11T02:09:00+02:00,402.1071
2020-12-11T02:10:00+02:00,407.94
2020-12-11T02:11:00+02:00,412.1201
2020-12-11T02:12:00+02:00,405.04614
2020-12-11T02:13:00+02:00,401.0817
2020-12-11T02:14:00+02:00,405.04123
2020-12-11T02:15:00+02:00,401.50946
2020-12-11T02:16:00+02:00,396.86224
2020-12-11T02:17:00+02:00,403.24588
2020-12-11T02:18:00+02:00,398.5245
2020-12-11T02:19:00+02:00,401.47263
2020-12-11T02:20:00+02:00,398.94485
2020-12-11T02:21:00+02:00,406.12292
2020-12-11T02:22:00+02:00,403.62183
2020-12-11T02:23:00+02:00,401.0288
2020-12-11T02:24:00+02:00,396.40677
2020-12-11T02:25:00+02:00,400.5732
2020-12-11T02:26:00+02:00,400.9234
2020-12-11T02:27:00+02:00,393.59222
2020-12-11T02:28:00+02:00,391.94186
2020-12-11T02:29:00+02:00,389.9888
2020-12-11T02:30:00+02:00,399.04898
2020-12-11T02:31:00+02:00,400.56018
2020-12-11T02:32:00+02:00,403.2332
2020-12-11T02:33:00+02:00,402.77634
2020-12-11T02:34:00+02:00,400.49127
2020-12-11T02:35:00+02:00,397.8922
2020-12-11T02:36:00+02:00,396.92566
2020-12-11T02:37:00+02:00,400.41357
2020-12-11T02:38:00+02:00,394.4187
2020-12-11T02:39:00+02:00,395.69598
2020-12-11T02:40:00+02:00,391.4193
2020-12-11T02:41:00+02:00,399.8352
2020-12-11T02:42:00+02:00,391.2148
2020-12-11T02:43:00+02:00,397.14148
2020-12-11T02:44:00+02:00,407.3471
2020-12-11T02:45:00+02:00,409.36252
2020-12-11T02:46:00+02:00,399.5395
2020-12-11T02:47:00+02:00,397.18726
2020-12-11T02:48:00+02:00,398.20337
2020-12-11T02:49:00+02:00,391.64294
2020-12-11T02:50:00+02:00,392.77625
2020-12-11T02:51:00+02:00,391.97424
2020-12-11T02:52:00+02:00,403.41034
2020-12-11T02:53:00+02:00,409.37042
2020-12-11T02:54:00+02:00,406.46317
2020-12-11T02:55:00+02:00,400.40076
2020-12-11T02:56:00+02:00,400.7499
2020-12-11T02:57:00+02:00,389.86362
2020-12-11T02:58:00+02:00,392.00812
2020-12-11T02:59:00+02:00,405.93158
2020-12-11T03:00:00+02:00,406.6536
2020-12-11T03:01:00+02:00,398.10175
2020-12-11T03:02:00+02:00,395.77747
2020-12-11T03:03:00+02:00,389.8659
2020-12-11T03:04:00+02:00,395.83664
2020-12-11T03:05:00+02:00,397.59354
2020-12-11T03:06:00+02:00,398.64993
2020-12-11T03:07:00+02:00,395.13202
2020-12-11T03:08:00+02:00,400.91873
2020-12-11T03:09:00+02:00,397.8969
2020-12-11T03:10:00+02:00,400.66742
2020-12-11T03:11:00+02:00,396.2967
2020-12-11T03:12:00+02:00,398.1717
2020-12-11T03:13:00+02:00,400.35532
2020-12-11T03:14:00+02:00,409.20264
2020-12-11T03:15:00+02:00,405.55588
2020-12-11T03:16:00+02:00,404.31268
2020-12-11T03:17:00+02:00,402.87073
2020-12-11T03:18:00+02:00,405.17535
2020-12-11T03:19:00+02:00,407.41302
2020-12-11T03:20:00+02:00,404.07547
2020-12-11T03:21:00+02:00,395.8976
2020-12-11T03:22:00+02:00,395.8135
2020-12-11T03:23:00+02:00,396.5543
2020-12-11T03:24:00+02:00,405.8327
2020-12-11T03:25:00+02:00,404.4545
2020-12-11T03:26:00+02:00,407.71686
2020-12-11T03:27:00+02:00,406.68665
2020-12-11T03:28:00+02:00,403.06723
2020-12-11T03:29:00+02:00,406.42206
2020-12-11T03:30:00+02:00,407.63275
2020-12-11T03:31:00+02:00,403.3515
2020-12-11T03:32:00+02:00,401.42993
2020-12-11T03:33:00+02:00,401.58212
2020-12-11T03:34:00+02:00,405.52164
2020-12-11T03:35:00+02:00,410.7073
2020-12-11T03:36:00+02:00,400.91986
2020-12-11T03:37:00+02:00,409.09232
2020-12-11T03:38:00+02:00,409.58292
2020-12-11T03:39:00+02:00,399.86542
2020-12-11T03:40:00+02:00,399.77866
2020-12-11T03:41:00+02:00,405.58975
2020-12-11T03:42:00+02:00,405.8644
2020-12-11T03:43:00+02:00,403.39362
2020-12-11T03:44:00+02:00,397.25946
2020-12-11T03:45:00+02:00,399.84583
2020-12-11T03:46:00+02:00,399.47137
2020-12-11T03:47:00+02:00,403.2976
2020-12-11T03:48:00+02:00,399.4018
2020-12-11T03:49:00+02:00,406.44232
2020-12-11T03:50:00+02:00,406.00677
2020-12-11T03:51:00+02:00,410.8174
2020-12-11T03:52:00+02:00,404.98605
2020-12-11T03:53:00+02:00,409.50443
2020-12-11T03:54:00+02:00,403.20764
2020-12-11T03:55:00+02:00,405.68564
2020-12-11T03:56:00+02:00,407.6752
2020-12-11T03:57:00+02:00,406.141
2020-12-11T03:58:00+02:00,406.1124
2020-12-11T03:59:00+02:00,405.07074
2020-12-11T04:00:00+02:00,401.8989
2020-12-11T04:01:00+02:00,405.15863
2020-12-11T04:02:00+02:00,412.48892
2020-12-11T04:03:00+02:00,406.53674
2020-12-11T04:04:00+02:00,411.40173
2020-12-11T04:05:00+02:00,403.1595
2020-12-11T04:06:00+02:00,403.95142
2020-12-11T04:07:00+02:00,399.27902
2020-12-11T04:08:00+02:00,399.19193
2020-12-11T04:09:00+02:00,406.47552
2020-12-11T04:10:00+02:00,411.9521
2020-12-11T04:11:00+02:00,410.10397
2020-12-11T04:12:00+02:00,395.49365
2020-12-11T04:13:00+02:00,397.20465
2020-12-11T04:14:00+02:00,397.96982
2020-12-11T04:15:00+02:00,403.7674
2020-12-11T04:16:00+02:00,409.78113
2020-12-11T04:17:00+02:00,407.61282
2020-12-11T04:18:00+02:00,406.75497
2020-12-11T04:19:00+02:00,395.6202
2020-12-11T04:20:00+02:00,395.6716
2020-12-11T04:21:00+02:00,400.94562
2020-12-11T04:22:00+02:00,405.9888
2020-12-11T04:23:00+02:00,409.99023
2020-12-11T04:24:00+02:00,413.64032
2020-12-11T04:25:00+02:00,410.18753
2020-12-11T04:26:00+02:00,406.03012
2020-12-11T04:27:00+02:00,404.84048
2020-12-11T04:28:00+02:00,402.6826
2020-12-11T04:29:00+02:00,396.96674
2020-12-11T04:30:00+02:00,397.8516
2020-12-11T04:31:00+02:00,399.74182
2020-12-11T04:32:00+02:00,401.46677
2020-12-11T04:33:00+02:00,403.99353
2020-12-11T04:34:00+02:00,402.6343
2020-12-11T04:35:00+02:00,403.19507
2020-12-11T04:36:00+02:00,400.12497
2020-12-11T04:37:00+02:00,398.4769
2020-12-11T04:38:00+02:00,404.71347
2020-12-11T04:39:00+02:00,405.54123
2020-12-11T04:40:00+02:00,402.8309
2020-12-11T04:41:00+02:00,396.23752
2020-12-11T04:42:00+02:00,400.26343
2020-12-11T04:43:00+02:00,408.65915
2020-12-11T04:44:00+02:00,402.4045
2020-12-11T04:45:00+02:00,390.2732
2020-12-11T04:46:00+02:00,398.4762
2020-12-11T04:47:00+02:00,400.33038
2020-12-11T04:48:00+02:00,401.04242
2020-12-11T04:49:00+02:00,409.37088
2020-12-11T04:50:00+02:00,412.4247
2020-12-11T04:51:00+02:00,403.9498
2020-12-11T04:52:00+02:00,401.25436
2020-12-11T04:53:00+02:00,396.5775
2020-12-11T04:54:00+02:00,391.44644
2020-12-11T04:55:00+02:00,399.39883
2020-12-11T04:56:00+02:00,403.77905
2020-12-11T04:57:00+02:00,398.064
2020-12-11T04:58:00+02:00,402.99
2020-12-11T04:59:00+02:00,401.5653
2020-12-11T05:00:00+02:00,411.33777
2020-12-11T05:01:00+02:00,409.7751
2020-12-11T05:02:00+02:00,413.06137
2020-12-11T05:03:00+02:00,408.77853
2020-12-11T05:04:00+02:00,404.90115
2020-12-11T05:05:00+02:00,407.10287
2020-12-11T05:06:00+02:00,411.52878
2020-12-11T05:07:00+02:00,408.04803
2020-12-11T05:08:00+02:00,410.16876
2020-12-11T05:09:00+02:00,414.20383
2020-12-11T05:10:00+02:00,410.42657
2020-12-11T05:11:00+02:00,405.74365
2020-12-11T05:12:00+02:00,404.8825
2020-12-11T05:13:00+02:00,401.79398
2020-12-11T05:14:00+02:00,399.71902
2020-12-11T05:15:00+02:00,400.98453
2020-12-11T05:16:00+02:00,402.70264
2020-12-11T05:17:00+02:00,405.64124
2020-12-11T05:18:00+02:00,394.51483
2020-12-11T05:19:00+02:00,396.99387
2020-12-11T05:20:00+02:00,410.20847
2020-12-11T05:21:00+02:00,395.83743
2020-12-11T05:22:00+02:00,398.4446
2020-12-11T05:23:00+02:00,401.75482
2020-12-11T05:24:00+02:00,402.63214
2020-12-11T05:25:00+02:00,400.2924
2020-12-11T05:26:00+02:00,414.18768
2020-12-11T05:27:00+02:00,404.6035
2020-12-11T05:28:00+02:00,408.23654
2020-12-11T05:29:00+02:00,409.6668
2020-12-11T05:30:00+02:00,408.78653
2020-12-11T05:31:00+02:00,405.6109
2020-12-11T05:32:00+02:00,405.6585
2020-12-11T05:33:00+02:00,404.28317
2020-12-11T05:34:00+02:00,406.34802
2020-12-11T05:35:00+02:00,405.6035
2020-12-11T05:36:00+02:00,405.19034
2020-12-11T05:37:00+02:00,404.31122
2020-12-11T05:38:00+02:00,406.68893
2020-12-11T05:39:00+02:00,400.31677
2020-12-11T05:40:00+02:00,412.83682
2020-12-11T05:41:00+02:00,408.31253
2020-12-11T05:42:00+02:00,406.26608
2020-12-11T05:43:00+02:00,405.23645
2020-12-11T05:44:00+02:00,401.83206
2020-12-11T05:45:00+02:00,395.384
2020-12-11T05:46:00+02:00,403.8008
2020-12-11T05:47:00+02:00,412.87378
2020-12-11T05:48:00+02:00,400.49484
2020-12-11T05:49:00+02:00,405.18784
2020-12-11T05:50:00+02:00,408.18024
2020-12-11T05:51:00+02:00,414.4335
2020-12-11T05:52:00+02:00,408.78357
2020-12-11T05:53:00+02:00,407.71503
2020-12-11T05:54:00+02:00,400.65848
2020-12-11T05:55:00+02:00,399.53217
2020-12-11T05:56:00+02:00,408.249
2020-12-11T05:57:00+02:00,401.60925
2020-12-11T05:58:00+02:00,407.29663
2020-12-11T05:59:00+02:00,406.744
2020-12-11T06:00:00+02:00,403.1122
2020-12-11T06:01:00+02:00,404.10635
2020-12-11T06:02:00+02:00,410.16464
2020-12-11T06:03:00+02:00,407.23633
2020-12-11T06:04:00+02:00,406.7022
2020-12-11T06:05:00+02:00,404.62512
2020-12-11T06:06:00+02:00,412.5093
2020-12-11T06:07:00+02:00,405.2978
2020-12-11T06:08:00+02:00,407.5112
2020-12-11T06:09:00+02:00,404.8913
2020-12-11T06:10:00+02:00,402.42166
2020-12-11T06:11:00+02:00,401.69968
2020-12-11T06:12:00+02:00,399.5826
2020-12-11T06:13:00+02:00,396.20868
2020-12-11T06:14:00+02:00,393.9005
2020-12-11T06:15:00+02:00,392.25543
2020-12-11T06:16:00+02:00,396.46606
2020-12-11T06:17:00+02:00,407.6981
2020-12-11T06:18:00+02:00,402.28195
2020-12-11T06:19:00+02:00,407.19455
2020-12-11T06:20:00+02:00,405.7106
2020-12-11T06:21:00+02:00,402.62836
2020-12-11T06:22:00+02:00,405.6861
2020-12-11T06:23:00+02:00,403.28766
2020-12-11T06:24:00+02:00,415.03525
2020-12-11T06:25:00+02:00,404.22617
2020-12-11T06:26:00+02:00,405.6362
2020-12-11T06:27:00+02:00,415.5042
2020-12-11T06:28:00+02:00,411.25662
2020-12-11T06:29:00+02:00,411.15533
2020-12-11T06:30:00+02:00,409.23822
2020-12-11T06:31:00+02:00,408.54196
2020-12-11T06:32:00+02:00,404.8382
2020-12-11T06:33:00+02:00,403.4847
2020-12-11T06:34:00+02:00,402.5772
2020-12-11T06:35:00+02:00,407.56396
2020-12-11T06:36:00+02:00,414.25302
2020-12-11T06:37:00+02:00,410.9934
2020-12-11T06:38:00+02:00,408.70676
2020-12-11T06:39:00+02:00,406.25922
2020-12-11T06:40:00+02:00,406.21344
2020-12-11T06:41:00+02:00,400.53076
2020-12-11T06:42:00+02:00,399.51727
2020-12-11T06:43:00+02:00,403.5584
2020-12-11T06:44:00+02:00,409.3607
2020-12-11T06:45:00+02:00,416.3234
2020-12-11T06:46:00+02:00,406.36908
2020-12-11T06:47:00+02:00,409.5194
2020-12-11T06:48:00+02:00,415.1998
2020-12-11T06:49:00+02:00,407.96405
2020-12-11T06:50:00+02:00,410.75674
2020-12-11T06:51:00+02:00,407.8827
2020-12-11T06:52:00+02:00,405.0776
2020-12-11T06:53:00+02:00,402.9989
2020-12-11T06:54:00+02:00,404.3587
2020-12-11T06:55:00+02:00,412.55576
2020-12-11T06:56:00+02:00,415.76364
2020-12-11T06:57:00+02:00,406.76767
2020-12-11T06:58:00+02:00,408.22922
2020-12-11T06:59:00+02:00,402.20605
2020-12-11T07:00:00+02:00,403.227
2020-12-11T07:01:00+02:00,400.50217
2020-12-11T07:02:00+02:00,403.0559
2020-12-11T07:03:00+02:00,400.77704
2020-12-11T07:04:00+02:00,408.07037
2020-12-11T07:05:00+02:00,408.47824
2020-12-11T07:06:00+02:00,405.664
2020-12-11T07:07:00+02:00,408.1903
2020-12-11T07:08:00+02:00,407.3479
2020-12-11T07:09:00+02:00,411.14264
2020-12-11T07:10:00+02:00,407.55457
2020-12-11T07:11:00+02:00,403.2358
2020-12-11T07:12:00+02:00,410.72986
2020-12-11T07:13:00+02:00,405.57944
2020-12-11T07:14:00+02:00,414.70508
2020-12-11T07:15:00+02:00,425.74142
2020-12-11T07:16:00+02:00,416.22668
2020-12-11T07:17:00+02:00,405.6267
2020-12-11T07:18:00+02:00,403.93344
2020-12-11T07:19:00+02:00,407.1077
2020-12-11T07:20:00+02:00,405.62134
2020-12-11T07:21:00+02:00,402.36893
2020-12-11T07:22:00+02:00,405.675
2020-12-11T07:23:00+02:00,409.6342
2020-12-11T07:24:00+02:00,406.38123
2020-12-11T07:25:00+02:00,405.24893
2020-12-11T07:26:00+02:00,403.55933
2020-12-11T07:27:00+02:00,409.0882
2020-12-11T07:28:00+02:00,406.27615
2020-12-11T07:29:00+02:00,407.35464
2020-12-11T07:30:00+02:00,407.96497
2020-12-11T07:31:00+02:00,413.1702
2020-12-11T07:32:00+02:00,417.3949
2020-12-11T07:33:00+02:00,413.6988
2020-12-11T07:34:00+02:00,414.89996
2020-12-11T07:35:00+02:00,412.19537
2020-12-11T07:36:00+02:00,410.57663
2020-12-11T07:37:00+02:00,405.30685
2020-12-11T07:38:00+02:00,403.49707
2020-12-11T07:39:00+02:00,103.571815
2020-12-11T07:40:00+02:00,132.23022
2020-12-11T07:41:00+02:00,156.25227
2020-12-11T07:42:00+02:00,174.62733
2020-12-11T07:43:00+02:00,193.50812
2020-12-11T07:44:00+02:00,206.08757
2020-12-11T07:45:00+02:00,219.08025
2020-12-11T07:46:00+02:00,96.771095
2020-12-11T07:47:00+02:00,101.428185
2020-12-11T07:48:00+02:00,98.37707
2020-12-11T07:49:00+02:00,0
2020-12-11T07:50:00+02:00,0
2020-12-11T07:51:00+02:00,99.94184
2020-12-11T07:52:00+02:00,0
2020-12-11T07:53:00+02:00,0
2020-12-11T07:54:00+02:00,0
2020-12-11T07:55:00+02:00,0
2020-12-11T07:56:00+02:00,0
2020-12-11T07:57:00+02:00,0
2020-12-11T07:58:00+02:00,0
2020-12-11T07:59:00+02:00,0
2020-12-11T08:00:00+02:00,0
2020-12-11T08:01:00+02:00,0
2020-12-11T08:02:00+02:00,0
2020-12-11T08:03:00+02:00,0
2020-12-11T08:04:00+02:00,0
2020-12-11T08:05:00+02:00,0
2020-12-11T08:06:00+02:00,0
2020-12-11T08:07:00+02:00,0
2020-12-11T08:08:00+02:00,0
2020-12-11T08:09:00+02:00,0
2020-12-11T08:10:00+02:00,0
2020-12-11T08:11:00+02:00,0
2020-12-11T08:12:00+02:00,0
2020-12-11T08:13:00+02:00,0
2020-12-11T08:14:00+02:00,0
2020-12-11T08:15:00+02:00,0
2020-12-11T08:16:00+02:00,0
2020-12-11T08:17:00+02:00,0
2020-12-11T08:18:00+02:00,0
2020-12-11T08:19:00+02:00,0
2020-12-11T08:20:00+02:00,0
2020-12-11T08:21:00+02:00,0
2020-12-11T08:22:00+02:00,0
2020-12-11T08:23:00+02:00,0
2020-12-11T08:24:00+02:00,0
2020-12-11T08:25:00+02:00,0
2020-12-11T08:26:00+02:00,0
2020-12-11T08:27:00+02:00,0
2020-12-11T08:28:00+02:00,0
2020-12-11T08:29:00+02:00,0
2020-12-11T08:30:00+02:00,0
2020-12-11T08:31:00+02:00,0
2020-12-11T08:32:00+02:00,0
2020-12-11T08:33:00+02:00,0
2020-12-11T08:34:00+02:00,0
2020-12-11T08:35:00+02:00,0
2020-12-11T08:36:00+02:00,0
2020-12-11T08:37:00+02:00,0
2020-12-11T08:38:00+02:00,0
2020-12-11T08:39:00+02:00,0
2020-12-11T08:40:00+02:00,0
2020-12-11T08:41:00+02:00,0
2020-12-11T08:42:00+02:00,0
2020-12-11T08:43:00+02:00,0
2020-12-11T08:44:00+02:00,0
2020-12-11T08:45:00+02:00,0
2020-12-11T08:46:00+02:00,0
2020-12-11T08:47:00+02:00,0
2020-12-11T08:48:00+02:00,0
2020-12-11T08:49:00+02:00,0
2020-12-11T08:50:00+02:00,0
2020-12-11T08:51:00+02:00,0
2020-12-11T08:52:00+02:00,0
2020-12-11T08:53:00+02:00,0
2020-12-11T08:54:00+02:00,0
2020-12-11T08:55:00+02:00,0
2020-12-11T08:56:00+02:00,0
2020-12-11T08:57:00+02:00,0
2020-12-11T08:58:00+02:00,0
2020-12-11T08:59:00+02:00,0
2020-12-11T09:00:00+02:00,0
2020-12-11T09:01:00+02:00,0
2020-12-11T09:02:00+02:00,0
2020-12-11T09:03:00+02:00,0
2020-12-11T09:04:00+02:00,0
2020-12-11T09:05:00+02:00,0
2020-12-11T09:06:00+02:00,0
2020-12-11T09:07:00+02:00,0
2020-12-11T09:08:00+02:00,0
2020-12-11T09:09:00+02:00,0
2020-12-11T09:10:00+02:00,0
2020-12-11T09:11:00+02:00,0
2020-12-11T09:12:00+02:00,0
2020-12-11T09:13:00+02:00,0
2020-12-11T09:14:00+02:00,0
2020-12-11T09:15:00+02:00,0
2020-12-11T09:16:00+02:00,0
2020-12-11T09:17:00+02:00,0
2020-12-11T09:18:00+02:00,0
2020-12-11T09:19:00+02:00,0
2020-12-11T09:20:00+02:00,0
2020-12-11T09:21:00+02:00,0
2020-12-11T09:22:00+02:00,0
2020-12-11T09:23:00+02:00,0
2020-12-11T09:24:00+02:00,162.50273
2020-12-11T09:25:00+02:00,0
2020-12-11T09:26:00+02:00,162.58746
2020-12-11T09:27:00+02:00,161.10724
2020-12-11T09:28:00+02:00,0
2020-12-11T09:29:00+02:00,0
2020-12-11T09:30:00+02:00,161.43875
2020-12-11T09:31:00+02:00,0
2020-12-11T09:32:00+02:00,162.28113
2020-12-11T09:33:00+02:00,0
2020-12-11T09:34:00+02:00,0
2020-12-11T09:35:00+02:00,0
2020-12-11T09:36:00+02:00,165.0073
2020-12-11T09:37:00+02:00,0
2020-12-11T09:38:00+02:00,160.17468
2020-12-11T09:39:00+02:00,0
2020-12-11T09:40:00+02:00,0
2020-12-11T09:41:00+02:00,0
2020-12-11T09:42:00+02:00,164.0622
2020-12-11T09:43:00+02:00,0
2020-12-11T09:44:00+02:00,0
2020-12-11T09:45:00+02:00,162.62782
2020-12-11T09:46:00+02:00,0
2020-12-11T09:47:00+02:00,161.74283
2020-12-11T09:48:00+02:00,0
2020-12-11T09:49:00+02:00,160.78561
2020-12-11T09:50:00+02:00,0
2020-12-11T09:51:00+02:00,0
2020-12-11T09:52:00+02:00,162.41368
2020-12-11T09:53:00+02:00,162.67722
2020-12-11T09:54:00+02:00,0
2020-12-11T09:55:00+02:00,158.96643
2020-12-11T09:56:00+02:00,161.26968
2020-12-11T09:57:00+02:00,0
2020-12-11T09:58:00+02:00,0
2020-12-11T09:59:00+02:00,180.82741
2020-12-11T10:00:00+02:00,159.9137
2020-12-11T10:01:00+02:00,189.4523
2020-12-11T10:02:00+02:00,220.25774
2020-12-11T10:03:00+02:00,250.31534
2020-12-11T10:04:00+02:00,282.28702
2020-12-11T10:05:00+02:00,308.71317
2020-12-11T10:06:00+02:00,335.66052
2020-12-11T10:07:00+02:00,361.76224
2020-12-11T10:08:00+02:00,388.9264
2020-12-11T10:09:00+02:00,178.19814
2020-12-11T10:10:00+02:00,224.95906
2020-12-11T10:11:00+02:00,271.0299
2020-12-11T10:12:00+02:00,315.60794
2020-12-11T10:13:00+02:00,353.4455
2020-12-11T10:14:00+02:00,388.56665
2020-12-11T10:15:00+02:00,418.72992
2020-12-11T10:16:00+02:00,449.97437
2020-12-11T10:17:00+02:00,476.5481
2020-12-11T10:18:00+02:00,502.724
2020-12-11T10:19:00+02:00,520.14526
2020-12-11T10:20:00+02:00,0
2020-12-11T10:21:00+02:00,217.93948
2020-12-11T10:22:00+02:00,277.09503
2020-12-11T10:23:00+02:00,329.90366
2020-12-11T10:24:00+02:00,379.59933
2020-12-11T10:25:00+02:00,424.38116
2020-12-11T10:26:00+02:00,461.4573
2020-12-11T10:27:00+02:00,494.2198
2020-12-11T10:28:00+02:00,521.5327
2020-12-11T10:29:00+02:00,547.6215
2020-12-11T10:30:00+02:00,571.13983
2020-12-11T10:31:00+02:00,591.6599
2020-12-11T10:32:00+02:00,0
2020-12-11T10:33:00+02:00,220.69644
2020-12-11T10:34:00+02:00,284.78607
2020-12-11T10:35:00+02:00,341.34158
2020-12-11T10:36:00+02:00,394.37018
2020-12-11T10:37:00+02:00,438.45462
2020-12-11T10:38:00+02:00,483.5421
2020-12-11T10:39:00+02:00,516.44086
2020-12-11T10:40:00+02:00,553.8194
2020-12-11T10:41:00+02:00,577.6326
2020-12-11T10:42:00+02:00,598.89795
2020-12-11T10:43:00+02:00,619.8313
2020-12-11T10:44:00+02:00,0
2020-12-11T10:45:00+02:00,221.57536
2020-12-11T10:46:00+02:00,289.27817
2020-12-11T10:47:00+02:00,350.6372
2020-12-11T10:48:00+02:00,398.88394
2020-12-11T10:49:00+02:00,451.29517
2020-12-11T10:50:00+02:00,493.6769
2020-12-11T10:51:00+02:00,530.3993
2020-12-11T10:52:00+02:00,557.0154
2020-12-11T10:53:00+02:00,587.6929
2020-12-11T10:54:00+02:00,608.7596
2020-12-11T10:55:00+02:00,626.25024
2020-12-11T10:56:00+02:00,645.6798
2020-12-11T10:57:00+02:00,219.57532
2020-12-11T10:58:00+02:00,290.61865
2020-12-11T10:59:00+02:00,386.91864
2020-12-11T11:00:00+02:00,446.67575
2020-12-11T11:01:00+02:00,489.03516
2020-12-11T11:02:00+02:00,513.68774
2020-12-11T11:03:00+02:00,541.5305
2020-12-11T11:04:00+02:00,559.7152
2020-12-11T11:05:00+02:00,570.1317
2020-12-11T11:06:00+02:00,194.56566
2020-12-11T11:07:00+02:00,243.47514
2020-12-11T11:08:00+02:00,286.49997
2020-12-11T11:09:00+02:00,323.668
2020-12-11T11:10:00+02:00,353.87384
2020-12-11T11:11:00+02:00,381.41006
2020-12-11T11:12:00+02:00,403.45596
2020-12-11T11:13:00+02:00,168.56522
2020-12-11T11:14:00+02:00,206.65083
2020-12-11T11:15:00+02:00,243.14642
2020-12-11T11:16:00+02:00,274.7567
2020-12-11T11:17:00+02:00,302.42386
2020-12-11T11:18:00+02:00,322.7989
2020-12-11T11:19:00+02:00,170.80643
2020-12-11T11:20:00+02:00,206.4
2020-12-11T11:21:00+02:00,234.47246
2020-12-11T11:22:00+02:00,261.35416
2020-12-11T11:23:00+02:00,285.15872
2020-12-11T11:24:00+02:00,188.96927
2020-12-11T11:25:00+02:00,216.51947
2020-12-11T11:26:00+02:00,240.60576
2020-12-11T11:27:00+02:00,176.70523
2020-12-11T11:28:00+02:00,203.94809
2020-12-11T11:29:00+02:00,227.28345
2020-12-11T11:30:00+02:00,184.58395
2020-12-11T11:31:00+02:00,209.89952
2020-12-11T11:32:00+02:00,181.32101
2020-12-11T11:33:00+02:00,162.80258
2020-12-11T11:34:00+02:00,189.8451
2020-12-11T11:35:00+02:00,185.13417
2020-12-11T11:36:00+02:00,180.74811
2020-12-11T11:37:00+02:00,181.72603
2020-12-11T11:38:00+02:00,0
2020-12-11T11:39:00+02:00,168.25772
2020-12-11T11:40:00+02:00,177.93503
2020-12-11T11:41:00+02:00,169.04904
2020-12-11T11:42:00+02:00,165.46022
2020-12-11T11:43:00+02:00,163.79889
2020-12-11T11:44:00+02:00,163.74069
2020-12-11T11:45:00+02:00,164.90219
2020-12-11T11:46:00+02:00,165.50815
2020-12-11T11:47:00+02:00,166.33162
2020-12-11T11:48:00+02:00,0
2020-12-11T11:49:00+02:00,164.08675
2020-12-11T11:50:00+02:00,0
2020-12-11T11:51:00+02:00,166.44205
2020-12-11T11:52:00+02:00,163.3597
2020-12-11T11:53:00+02:00,162.89319
2020-12-11T11:54:00+02:00,162.85426
2020-12-11T11:55:00+02:00,164.63358
2020-12-11T11:56:00+02:00,165.98451
2020-12-11T11:57:00+02:00,161.40152
2020-12-11T11:58:00+02:00,164.92023
2020-12-11T11:59:00+02:00,220.21103
2020-12-11T12:00:00+02:00,243.99338
2020-12-11T12:01:00+02:00,276.21658
2020-12-11T12:02:00+02:00,303.60596
2020-12-11T12:03:00+02:00,330.00726
2020-12-11T12:04:00+02:00,355.6773
2020-12-11T12:05:00+02:00,380.85535
2020-12-11T12:06:00+02:00,172.50018
2020-12-11T12:07:00+02:00,217.55788
2020-12-11T12:08:00+02:00,260.50372
2020-12-11T12:09:00+02:00,302.15512
2020-12-11T12:10:00+02:00,340.85782
2020-12-11T12:11:00+02:00,375.37973
2020-12-11T12:12:00+02:00,402.49637
2020-12-11T12:13:00+02:00,431.5235
2020-12-11T12:14:00+02:00,459.4043
2020-12-11T12:15:00+02:00,480.3459
2020-12-11T12:16:00+02:00,500.19177
2020-12-11T12:17:00+02:00,190.82704
2020-12-11T12:18:00+02:00,246.69998
2020-12-11T12:19:00+02:00,298.15723
2020-12-11T12:20:00+02:00,342.87732
2020-12-11T12:21:00+02:00,385.55994
2020-12-11T12:22:00+02:00,426.21503
2020-12-11T12:23:00+02:00,463.3272
2020-12-11T12:24:00+02:00,493.4784
2020-12-11T12:25:00+02:00,517.5428
2020-12-11T12:26:00+02:00,537.13416
2020-12-11T12:27:00+02:00,558.12714
2020-12-11T12:28:00+02:00,176.49585
2020-12-11T12:29:00+02:00,237.7937
2020-12-11T12:30:00+02:00,294.2724
2020-12-11T12:31:00+02:00,343.91815
2020-12-11T12:32:00+02:00,392.2239
2020-12-11T12:33:00+02:00,433.1848
2020-12-11T12:34:00+02:00,469.19968
2020-12-11T12:35:00+02:00,502.99033
2020-12-11T12:36:00+02:00,523.5925
2020-12-11T12:37:00+02:00,549.83545
2020-12-11T12:38:00+02:00,576.66394
2020-12-11T12:39:00+02:00,599.5874
2020-12-11T12:40:00+02:00,203.74036
2020-12-11T12:41:00+02:00,264.10196
2020-12-11T12:42:00+02:00,321.7107
2020-12-11T12:43:00+02:00,371.3075
2020-12-11T12:44:00+02:00,420.3259
2020-12-11T12:45:00+02:00,464.34476
2020-12-11T12:46:00+02:00,498.90344
2020-12-11T12:47:00+02:00,526.1572
2020-12-11T12:48:00+02:00,550.49133
2020-12-11T12:49:00+02:00,574.1873
2020-12-11T12:50:00+02:00,593.2929
2020-12-11T12:51:00+02:00,160.45967
2020-12-11T12:52:00+02:00,224.58955
2020-12-11T12:53:00+02:00,284.75034
2020-12-11T12:54:00+02:00,343.8888
2020-12-11T12:55:00+02:00,393.20074
2020-12-11T12:56:00+02:00,436.20914
2020-12-11T12:57:00+02:00,474.55096
2020-12-11T12:58:00+02:00,526.7554
2020-12-11T12:59:00+02:00,598.4906
2020-12-11T13:00:00+02:00,629.0518
2020-12-11T13:01:00+02:00,652.87915
2020-12-11T13:02:00+02:00,663.5601
2020-12-11T13:03:00+02:00,670.1253
2020-12-11T13:04:00+02:00,214.15945
2020-12-11T13:05:00+02:00,272.6208
2020-12-11T13:06:00+02:00,330.2771
2020-12-11T13:07:00+02:00,373.82455
2020-12-11T13:08:00+02:00,420.06256
