request_id,forecast_time,power_output_w,power_output_f0_w,power_output_f10_w,power_output_f25_w,power_output_f50_w,power_output_f75_w,power_output_f90_w,power_output_f100_w,system_temperature_c,nominal_output_efficiency,air_temperature_c,cloud_cover_total,cloud_cover_high,cloud_cover_medium,cloud_cover_low,system_radiation_global_wm2,system_radiation_direct_wm2,system_radiation_diffuse_wm2,radiation_global_wm2,radiation_direct_wm2,radiation_diffuse_wm2
4492,2020-10-19 16:00:00+03,3147.1,543,966.5,1848.6,3134.6,3516.9,3836.4,4042.3,7.46,0.97,3.1,46.2,4.2,0,43.7,162.27,0,161.79,160.54,0,160.54
4492,2020-10-19 17:00:00+03,1751.5,642.4,797.4,1242.9,1523.7,1654.5,1752.9,1780.4,5.57,0.895,2.9,23,8.7,0,15.6,100.92,6.93,93.69,108.51,57.83,99.65
4492,2020-10-19 18:00:00+03,200.6,72.6,96.5,148.7,192.1,214.3,225.8,232.9,3.2,0.496,2.65,98.8,87.3,6.2,89.7,20.22,0,20.13,22.66,7.5,22.31
4492,2020-10-19 19:00:00+03,NaN,NaN,NaN,NaN,NaN,NaN,NaN,NaN,2.35,NaN,2.35,99,84.8,13.7,93.4,NaN,NaN,NaN,0,0,0
4492,2020-10-19 20:00:00+03,NaN,NaN,NaN,NaN,NaN,NaN,NaN,NaN,2.1,NaN,2.1,100,0.8,49.1,100,NaN,NaN,NaN,0.01,0.01,0.01
4492,2020-10-19 21:00:00+03,NaN,NaN,NaN,NaN,NaN,NaN,NaN,NaN,1.8,NaN,1.8,100,38.2,93.7,99.5,NaN,NaN,NaN,0,0,0
4492,2020-10-19 22:00:00+03,NaN,NaN,NaN,NaN,NaN,NaN,NaN,NaN,1.5,NaN,1.5,98,11.3,57.5,95.1,NaN,NaN,NaN,0,0,0
4492,2020-10-19 23:00:00+03,NaN,NaN,NaN,NaN,NaN,NaN,NaN,NaN,1.25,NaN,1.25,42.1,0,0,42.1,NaN,NaN,NaN,0,0,0
4492,2020-10-20 00:00:00+03,NaN,NaN,NaN,NaN,NaN,NaN,NaN,NaN,1.15,NaN,1.15,41.6,0,1.6,40.6,NaN,NaN,NaN,0,0,0
4492,2020-10-20 01:00:00+03,NaN,NaN,NaN,NaN,NaN,NaN,NaN,NaN,1.05,NaN,1.05,18.4,0,0,18.4,NaN,NaN,NaN,0,0,0
4492,2020-10-20 02:00:00+03,NaN,NaN,NaN,NaN,NaN,NaN,NaN,NaN,0.8,NaN,0.8,5.5,2.5,0,3.1,NaN,NaN,NaN,0,0,0
4492,2020-10-20 03:00:00+03,NaN,NaN,NaN,NaN,NaN,NaN,NaN,NaN,0.55,NaN,0.55,59.2,57.7,0,3.7,NaN,NaN,NaN,0,0,0
4492,2020-10-20 04:00:00+03,NaN,NaN,NaN,NaN,NaN,NaN,NaN,NaN,0.25,NaN,0.25,42.6,38.4,0,6.8,NaN,NaN,NaN,0,0,0
4492,2020-10-20 05:00:00+03,NaN,NaN,NaN,NaN,NaN,NaN,NaN,NaN,0.05,NaN,0.05,19.9,4.5,0,16.1,NaN,NaN,NaN,0,0,0
4492,2020-10-20 06:00:00+03,NaN,NaN,NaN,NaN,NaN,NaN,NaN,NaN,-0.1,NaN,-0.1,5.6,0,0,5.6,NaN,NaN,NaN,0,0,0
4492,2020-10-20 07:00:00+03,NaN,NaN,NaN,NaN,NaN,NaN,NaN,NaN,-0.35,NaN,-0.35,0,0,0,0,NaN,NaN,NaN,0,0,0
4492,2020-10-20 08:00:00+03,NaN,NaN,NaN,NaN,NaN,NaN,NaN,NaN,-0.6,NaN,-0.6,0,0,0,0,NaN,NaN,NaN,0.01,0,0.01
4492,2020-10-20 09:00:00+03,185.7,180.6,182.9,185.2,186.4,187.6,187.6,188.8,-0.16,0.487,-0.7,0,0,0,0,19.2,1.36,17.89,15.84,5.25,15.71
4492,2020-10-20 10:00:00+03,2906.4,2776,2853.4,2892.2,2913,2930.9,2942.8,2951.7,3.85,0.974,-0.35,0,0,0,0,150.31,20.21,129.17,97.58,53.15,90.53
4492,2020-10-20 11:00:00+03,5448,5301,5373.3,5428.2,5465.8,5491.9,5515,5549.7,7.92,1.027,0.5,0,0,0,0,265.56,58.3,206.42,188.38,125.14,160.39
4492,2020-10-20 12:00:00+03,7204.9,6778.8,7080.3,7163.3,7202,7251.8,7279.4,7290.5,11.31,1.034,1.45,0.5,0,0,0.5,347.34,95.55,250.9,260.5,187.17,206.36
4492,2020-10-20 13:00:00+03,7869.9,6959.5,7757.5,7822.9,7870,7914.5,7932.8,7974.6,13.25,1.032,2.3,0.4,0,0,0.3,380.34,113.65,265.77,300.8,222.43,228.61
4492,2020-10-20 14:00:00+03,7473.8,6917.8,7340.1,7411.4,7453.1,7497.3,7519.4,7534.2,13.54,1.027,3,11.5,11.5,0,0,364.26,105.21,258.17,304.34,225.17,230.71
4492,2020-10-20 15:00:00+03,5947,4848.6,5888.7,5942.9,6062.4,6091.8,6112.1,6136.9,11.97,1.017,3.45,50.5,50.5,0,0,295.21,65.55,228.91,263.58,171.43,212.76
4492,2020-10-20 16:00:00+03,3788.9,3105.3,3412.4,3693.6,3791.3,3998.8,4028.7,4046.6,9.2,0.985,3.6,70.5,70.5,0,0,196.71,28.76,167.41,189.98,109.74,164.18
4492,2020-10-20 17:00:00+03,1620.5,1280.2,1395.7,1487.1,1569,1695.7,1747,1806.4,6.03,0.881,3.35,96.3,96.3,0.2,0,94.2,4.91,89.05,101.02,42.89,94.7
4492,2020-10-20 18:00:00+03,177.8,138,152.9,166.1,175.8,186.3,203,215.3,3.26,0.473,2.7,99.4,99.4,6,0,18.81,0,18.75,20.23,3.64,20.08
4492,2020-10-20 19:00:00+03,NaN,NaN,NaN,NaN,NaN,NaN,NaN,NaN,1.9,NaN,1.9,94.7,93.4,19.2,0,NaN,NaN,NaN,0,0.03,0
4492,2020-10-20 20:00:00+03,NaN,NaN,NaN,NaN,NaN,NaN,NaN,NaN,1.05,NaN,1.05,74.8,67.7,22.2,0,NaN,NaN,NaN,0,0.01,0
4492,2020-10-20 21:00:00+03,NaN,NaN,NaN,NaN,NaN,NaN,NaN,NaN,0.35,NaN,0.35,97.2,95.3,40,0,NaN,NaN,NaN,0,0,0
4492,2020-10-20 22:00:00+03,NaN,NaN,NaN,NaN,NaN,NaN,NaN,NaN,-0.1,NaN,-0.1,99.6,99,57.8,0.3,NaN,NaN,NaN,0,0,0
4492,2020-10-20 23:00:00+03,NaN,NaN,NaN,NaN,NaN,NaN,NaN,NaN,-0.4,NaN,-0.4,99.9,98.7,90.9,3.8,NaN,NaN,NaN,0,0,0
4492,2020-10-21 00:00:00+03,NaN,NaN,NaN,NaN,NaN,NaN,NaN,NaN,-0.4,NaN,-0.4,99.9,96.3,96.7,16,NaN,NaN,NaN,0,0,0
4492,2020-10-21 01:00:00+03,NaN,NaN,NaN,NaN,NaN,NaN,NaN,NaN,-0.05,NaN,-0.05,100,99.9,97.8,35.6,NaN,NaN,NaN,0,0,0
4492,2020-10-21 02:00:00+03,NaN,NaN,NaN,NaN,NaN,NaN,NaN,NaN,0.45,NaN,0.45,100,100,99.7,90.5,NaN,NaN,NaN,0,0,0
4492,2020-10-21 03:00:00+03,NaN,NaN,NaN,NaN,NaN,NaN,NaN,NaN,1.2,NaN,1.2,100,100,100,88.2,NaN,NaN,NaN,0,0,0
4492,2020-10-21 04:00:00+03,NaN,NaN,NaN,NaN,NaN,NaN,NaN,NaN,2.35,NaN,2.35,100,100,100,100,NaN,NaN,NaN,0,0,0
4492,2020-10-21 05:00:00+03,NaN,NaN,NaN,NaN,NaN,NaN,NaN,NaN,3.15,NaN,3.15,100,100,100,100,NaN,NaN,NaN,0,0,0
4492,2020-10-21 06:00:00+03,NaN,NaN,NaN,NaN,NaN,NaN,NaN,NaN,3.35,NaN,3.35,100,100,100,100,NaN,NaN,NaN,0,0,0
4492,2020-10-21 07:00:00+03,NaN,NaN,NaN,NaN,NaN,NaN,NaN,NaN,3.85,NaN,3.85,100,100,99.7,100,NaN,NaN,NaN,0,0,0
4492,2020-10-21 08:00:00+03,NaN,NaN,NaN,NaN,NaN,NaN,NaN,NaN,4.35,NaN,4.35,100,100,98.4,100,NaN,NaN,NaN,0,0,0
4492,2020-10-21 09:00:00+03,0,0,0,0,0,0,0,0,4.67,0,4.65,100,100,89.6,100,0.72,0,0.71,0.73,0,0.73
4492,2020-10-21 10:00:00+03,2.8,1.5,1.5,1.7,2.2,3.3,5.5,14.9,5.24,0.023,5.1,100,99.2,89.5,100,5.91,0.02,5.87,5.98,0.05,5.98
4492,2020-10-21 11:00:00+03,101.5,38.9,47.5,54,72.7,115.1,228.8,377.8,5.73,0.363,5.4,100,99.1,90.8,100,13.97,0.14,13.8,14.11,0.3,14.04
4492,2020-10-21 12:00:00+03,224.2,87.4,94.5,126,178.9,239.9,446.2,903.6,6.17,0.513,5.65,100,100,90.7,100,21.83,0.25,21.54,22.06,0.49,21.92
4492,2020-10-21 13:00:00+03,353.4,91.3,131.7,219.4,303.6,459,736.6,956,6.65,0.602,5.95,100,100,89.9,100,29.35,0.01,29.28,29.8,0.02,29.79
4492,2020-10-21 14:00:00+03,619.7,125.9,161.3,265.9,493.7,753.9,1007.1,1343.8,7.19,0.709,6.15,100,0,79.7,100,43.69,1.71,41.89,43.81,3.71,42.62
4492,2020-10-21 15:00:00+03,219,61.2,116.3,177.5,252.7,456.3,848.5,1046,6.66,0.508,6.15,100,0,92,100,21.57,0.28,21.25,21.84,0.74,21.62
4492,2020-10-21 16:00:00+03,344.7,82.3,109.3,139.8,279.7,497.1,861.3,1075.2,6.79,0.597,6.1,100,0,97.2,100,28.96,0.54,28.37,29.34,2.09,28.86
4492,2020-10-21 17:00:00+03,51.6,13.8,21.1,39.3,53,115.4,154.7,232.3,6.4,0.25,6.15,100,2.3,87,100,10.34,0.03,10.29,10.51,0.31,10.46
4492,2020-10-21 18:00:00+03,0,0,0,0,0,0,0,0,6.29,0,6.25,100,59.2,100,100,1.63,0,1.63,1.66,0.06,1.66
4492,2020-10-21 19:00:00+03,NaN,NaN,NaN,NaN,NaN,NaN,NaN,NaN,6.35,NaN,6.35,100,97.7,99.6,100,NaN,NaN,NaN,0,0,0
4492,2020-10-21 20:00:00+03,NaN,NaN,NaN,NaN,NaN,NaN,NaN,NaN,6.4,NaN,6.4,100,99,91.2,100,NaN,NaN,NaN,0,0.01,0
4492,2020-10-21 21:00:00+03,NaN,NaN,NaN,NaN,NaN,NaN,NaN,NaN,6.5,NaN,6.5,100,96.8,94.1,100,NaN,NaN,NaN,0,0,0
4492,2020-10-21 22:00:00+03,NaN,NaN,NaN,NaN,NaN,NaN,NaN,NaN,6.75,NaN,6.75,100,99.9,100,100,NaN,NaN,NaN,0,0,0
4492,2020-10-21 23:00:00+03,NaN,NaN,NaN,NaN,NaN,NaN,NaN,NaN,7.1,NaN,7.1,100,100,98.8,100,NaN,NaN,NaN,0,0,0
4492,2020-10-22 00:00:00+03,NaN,NaN,NaN,NaN,NaN,NaN,NaN,NaN,7.5,NaN,7.5,100,100,68.2,100,NaN,NaN,NaN,0,0,0
4492,2020-10-22 01:00:00+03,NaN,NaN,NaN,NaN,NaN,NaN,NaN,NaN,7.95,NaN,7.95,100,100,100,100,NaN,NaN,NaN,0,0,0
4492,2020-10-22 02:00:00+03,NaN,NaN,NaN,NaN,NaN,NaN,NaN,NaN,8.6,NaN,8.6,100,100,100,100,NaN,NaN,NaN,0,0,0
4492,2020-10-22 03:00:00+03,NaN,NaN,NaN,NaN,NaN,NaN,NaN,NaN,9.2,NaN,9.2,100,100,99.9,100,NaN,NaN,NaN,0,0,0
4492,2020-10-22 04:00:00+03,NaN,NaN,NaN,NaN,NaN,NaN,NaN,NaN,9.35,NaN,9.35,100,100,100,100,NaN,NaN,NaN,0,0,0
4492,2020-10-22 05:00:00+03,NaN,NaN,NaN,NaN,NaN,NaN,NaN,NaN,9.25,NaN,9.25,100,100,100,100,NaN,NaN,NaN,0,0,0
4492,2020-10-22 06:00:00+03,NaN,NaN,NaN,NaN,NaN,NaN,NaN,NaN,9.15,NaN,9.15,100,100,100,100,NaN,NaN,NaN,0,0,0
4492,2020-10-22 07:00:00+03,NaN,NaN,NaN,NaN,NaN,NaN,NaN,NaN,8.95,NaN,8.95,100,100,100,100,NaN,NaN,NaN,0,0,0
4492,2020-10-22 08:00:00+03,NaN,NaN,NaN,NaN,NaN,NaN,NaN,NaN,8.8,NaN,8.8,100,100,100,100,NaN,NaN,NaN,0,0,0
4492,2020-10-22 09:00:00+03,0,NaN,NaN,NaN,NaN,NaN,NaN,NaN,8.9,0,8.9,100,100,100,100,0.13,0,0.13,0.13,0,0.13
4447,2020-10-13 13:00:00+03,7226.6,1606,3460.4,5075.4,6694.9,7228,7420,7526.2,20.61,0.993,9.7,40.5,0,0,40.5,363.62,0,362.73,319.94,0,319.94
4447,2020-10-13 14:00:00+03,5675.5,2338.9,3911.7,5579.7,6357.1,7041.5,7417.7,7673.8,18.78,0.984,10.3,99.5,0,1.9,99.5,287.83,77.7,209.5,250.42,153.52,193.78
4447,2020-10-13 15:00:00+03,2514,1115.3,2305.1,3060.8,3927.3,4916.3,5404.1,5555.3,14.48,0.914,10.4,98.6,0,0,98.6,138.14,26.84,110.99,131.42,63.68,109.84
4447,2020-10-13 16:00:00+03,2571.7,1244.8,1776.8,2104,2718.2,3290.3,3564.5,3831.4,14.68,0.916,10.5,85.1,0,0,85.1,142.37,18.96,123.07,140.69,62.97,123.2
4447,2020-10-13 17:00:00+03,1639.7,303.3,550.9,835.1,1335.3,1811.6,2091,2259.3,13.4,0.857,10.55,86.2,0,0,86.1,97.74,6.07,91.43,103.27,39.68,95.75
4447,2020-10-13 18:00:00+03,266.5,78.9,126.1,185.5,280.8,414.1,500.2,525.8,11.05,0.538,10.3,99.8,0,0,99.8,24.77,0,24.71,26,4.44,25.64
4447,2020-10-13 19:00:00+03,NaN,NaN,NaN,NaN,NaN,NaN,NaN,NaN,9.85,NaN,9.85,100,0,0,100,NaN,NaN,NaN,0.2,0,0.2
4447,2020-10-13 20:00:00+03,NaN,NaN,NaN,NaN,NaN,NaN,NaN,NaN,9.1,NaN,9.1,98.4,0,0,98.4,NaN,NaN,NaN,0,0,0
4447,2020-10-13 21:00:00+03,NaN,NaN,NaN,NaN,NaN,NaN,NaN,NaN,8.2,NaN,8.2,62.1,0,0,62.1,NaN,NaN,NaN,0,0.01,0
4447,2020-10-13 22:00:00+03,NaN,NaN,NaN,NaN,NaN,NaN,NaN,NaN,7.5,NaN,7.5,20.8,0,0,20.8,NaN,NaN,NaN,0,0,0
4447,2020-10-13 23:00:00+03,NaN,NaN,NaN,NaN,NaN,NaN,NaN,NaN,6.75,NaN,6.75,24.5,0,0,24.5,NaN,NaN,NaN,0,0,0
4447,2020-10-14 00:00:00+03,NaN,NaN,NaN,NaN,NaN,NaN,NaN,NaN,6.1,NaN,6.1,19.8,0,0,19.6,NaN,NaN,NaN,0,0,0
4447,2020-10-14 01:00:00+03,NaN,NaN,NaN,NaN,NaN,NaN,NaN,NaN,5.8,NaN,5.8,4.3,0,0,4.2,NaN,NaN,NaN,0,0,0
4447,2020-10-14 02:00:00+03,NaN,NaN,NaN,NaN,NaN,NaN,NaN,NaN,5.6,NaN,5.6,2,0,0,2,NaN,NaN,NaN,0,0,0
4447,2020-10-14 03:00:00+03,NaN,NaN,NaN,NaN,NaN,NaN,NaN,NaN,5.35,NaN,5.35,2.6,0,0,2.4,NaN,NaN,NaN,0,0,0
4447,2020-10-14 04:00:00+03,NaN,NaN,NaN,NaN,NaN,NaN,NaN,NaN,5,NaN,5,13.9,0,0,13.8,NaN,NaN,NaN,0,0,0
4447,2020-10-14 05:00:00+03,NaN,NaN,NaN,NaN,NaN,NaN,NaN,NaN,4.8,NaN,4.8,54.8,0,0,54.8,NaN,NaN,NaN,0,0,0
4447,2020-10-14 06:00:00+03,NaN,NaN,NaN,NaN,NaN,NaN,NaN,NaN,5.05,NaN,5.05,96.5,0,0,96.5,NaN,NaN,NaN,0,0,0
4447,2020-10-14 07:00:00+03,NaN,NaN,NaN,NaN,NaN,NaN,NaN,NaN,5.45,NaN,5.45,97.9,0,0,97.9,NaN,NaN,NaN,0,0,0
4447,2020-10-14 08:00:00+03,NaN,NaN,NaN,NaN,NaN,NaN,NaN,NaN,5.7,NaN,5.7,9.8,0,0,9.8,NaN,NaN,NaN,0.01,0,0.01
4447,2020-10-14 09:00:00+03,609.4,161.7,200.2,258,429.3,573.7,608.3,614.1,6.66,0.707,5.5,23.3,0,0,23.3,43.32,3.55,39.9,31.65,12.35,30.98
4447,2020-10-14 10:00:00+03,1213.2,423.6,815.3,1220.1,1641.8,2035.4,2260.3,2305.3,7.16,0.83,5.25,100,0,0,100,73.28,6.08,66.99,64.73,14.84,62.29
4447,2020-10-14 11:00:00+03,2483.1,821.3,1336.2,2007.4,2939.1,3877.2,4275.3,4500.4,9.57,0.931,6.1,96.6,0,0,96.6,133.31,11.14,121.87,119.12,22.44,113.35
4447,2020-10-14 12:00:00+03,5234.2,1377.2,2667,3252.4,4600.5,5744.5,6849.7,6993,14.28,0.996,7.55,85.6,0,0,85.6,261.88,48.94,212.37,215.49,90.26,186.28
4447,2020-10-14 13:00:00+03,5886,2277.6,2590.2,4017.8,5038.3,7202.3,7460.4,7820.2,15.83,0.999,8.45,95.8,0,0,95.8,293.28,67.79,224.86,248.6,124.71,203.74
4447,2020-10-14 14:00:00+03,5982,1055.6,2009.8,3028.6,5103,6444.4,7578.4,7668.3,16.5,0.998,8.95,31.3,0,0,31.3,299.24,77.37,221.2,259.54,154.59,203.44
4447,2020-10-14 15:00:00+03,5700.9,1175.6,1966.5,2870.5,4576.3,5708.4,6332,6545,16.65,0.993,9.35,98.5,0,0,98.5,288.72,69.28,218.75,262.36,166.62,206.91
4447,2020-10-14 16:00:00+03,3211.1,1359.5,1837.3,2918.1,3384.6,3820.7,4359.2,4442.6,13.7,0.947,9.4,30.1,0,0,30.1,172.66,28.57,143.64,169.35,96.73,143.09
4447,2020-10-14 17:00:00+03,1895.6,761,1203.4,1496.2,1877.5,2162.3,2266.9,2316.7,11.76,0.884,9.05,26.6,0,0,26.6,110.4,9.01,101.09,117.82,61.19,106.6
4447,2020-10-14 18:00:00+03,482.4,81.1,181.1,270.6,399,478,493.8,506.4,9.3,0.656,8.35,14.4,0,0,14.4,36.79,0,36.62,45.82,19.29,44.37
4447,2020-10-14 19:00:00+03,NaN,NaN,NaN,NaN,NaN,NaN,NaN,NaN,7.6,NaN,7.6,91.1,0,0,91.1,NaN,NaN,NaN,0.24,0.02,0.24
4447,2020-10-14 20:00:00+03,NaN,NaN,NaN,NaN,NaN,NaN,NaN,NaN,7.35,NaN,7.35,65.5,0,0,65.5,NaN,NaN,NaN,0.03,0.01,0.03
4447,2020-10-14 21:00:00+03,NaN,NaN,NaN,NaN,NaN,NaN,NaN,NaN,7.2,NaN,7.2,96,0,0,96,NaN,NaN,NaN,0,0,0
4447,2020-10-14 22:00:00+03,NaN,NaN,NaN,NaN,NaN,NaN,NaN,NaN,7.1,NaN,7.1,99.8,0,0,99.8,NaN,NaN,NaN,0,0,0
4447,2020-10-14 23:00:00+03,NaN,NaN,NaN,NaN,NaN,NaN,NaN,NaN,7.2,NaN,7.2,87.3,0,0,87.3,NaN,NaN,NaN,0,0,0
4447,2020-10-15 00:00:00+03,NaN,NaN,NaN,NaN,NaN,NaN,NaN,NaN,7.1,NaN,7.1,97,0,0,97,NaN,NaN,NaN,0,0,0
4447,2020-10-15 01:00:00+03,NaN,NaN,NaN,NaN,NaN,NaN,NaN,NaN,6.9,NaN,6.9,99.1,0,0,99.1,NaN,NaN,NaN,0,0,0
4447,2020-10-15 02:00:00+03,NaN,NaN,NaN,NaN,NaN,NaN,NaN,NaN,6.7,NaN,6.7,83.9,0,0,83.9,NaN,NaN,NaN,0,0,0
4447,2020-10-15 03:00:00+03,NaN,NaN,NaN,NaN,NaN,NaN,NaN,NaN,6.35,NaN,6.35,84.7,0,0,84.7,NaN,NaN,NaN,0,0,0
4447,2020-10-15 04:00:00+03,NaN,NaN,NaN,NaN,NaN,NaN,NaN,NaN,6,NaN,6,93.6,0,0,93.6,NaN,NaN,NaN,0,0,0
4447,2020-10-15 05:00:00+03,NaN,NaN,NaN,NaN,NaN,NaN,NaN,NaN,5.7,NaN,5.7,68.4,0,0,68.4,NaN,NaN,NaN,0,0,0
4447,2020-10-15 06:00:00+03,NaN,NaN,NaN,NaN,NaN,NaN,NaN,NaN,5.1,NaN,5.1,27.5,0,0,27.5,NaN,NaN,NaN,0,0,0
4447,2020-10-15 07:00:00+03,NaN,NaN,NaN,NaN,NaN,NaN,NaN,NaN,4.3,NaN,4.3,2.4,0,0,2.4,NaN,NaN,NaN,0,0,0
4447,2020-10-15 08:00:00+03,NaN,NaN,NaN,NaN,NaN,NaN,NaN,NaN,3.6,NaN,3.6,0,0,0,0,NaN,NaN,NaN,0,0,0
4447,2020-10-15 09:00:00+03,537.6,451.7,485.1,523.9,533.2,538.8,540.6,546.2,4.28,0.689,3.2,0,0,0,0,39.21,3.16,36.17,29.04,11.17,28.49
4447,2020-10-15 10:00:00+03,3473.7,2991.6,3176.2,3366.6,3447.4,3479.1,3490.7,3516.7,8.36,0.978,3.5,0,0,0,0,178.58,28.65,149.13,120.41,70.82,109.13
4447,2020-10-15 11:00:00+03,6032.2,5221.1,5547.9,5857.8,5979,6015.6,6066.4,6080.4,12.36,1.016,4.3,0,0,0,0,296.46,72.78,222.9,214.09,148.1,176.85
4447,2020-10-15 12:00:00+03,7723.2,4933.1,6330.6,7426.6,7601.6,7698.5,7722.8,7768.5,15.42,1.021,5.2,0,0,0,0,376.5,113.81,261.82,286.82,211.96,219.44
4447,2020-10-15 13:00:00+03,8327.5,3951.2,5235.1,7634.5,8157.7,8295.6,8354.3,8384.9,17.27,1.017,6.2,3.5,0,0,3.5,407.28,132.8,273.56,326.25,246.78,238.93
4447,2020-10-15 14:00:00+03,7693.3,4308.3,4859.4,5954.5,7665.3,7787.5,7852.2,7921.7,17.02,1.013,7,21.9,0,0,21.9,379,116.72,261.41,321.07,235.85,236.91
4447,2020-10-15 15:00:00+03,6218,2030.1,2946.7,4144.3,5740.5,6094.8,6420.2,6484.4,15.49,1.005,7.4,54.7,46.7,0,14.9,311.52,79.97,230.79,280.87,194.96,217.18
4447,2020-10-15 16:00:00+03,4085,NaN,NaN,NaN,NaN,NaN,NaN,NaN,12.96,0.977,7.5,82.8,76.4,0,27.1,212.25,27.92,183.78,206.97,96.37,181.4
4447,2020-10-15 17:00:00+03,1864.8,NaN,NaN,NaN,NaN,NaN,NaN,NaN,10.02,0.888,7.35,87.8,46,0,77.3,107.11,5.78,101.07,114.05,40.77,106.82
4447,2020-10-15 18:00:00+03,346,NaN,NaN,NaN,NaN,NaN,NaN,NaN,7.54,0.596,6.8,46.3,18.1,0,34.5,29.04,0,28.95,32,6.8,31.53
4447,2020-10-15 19:00:00+03,NaN,NaN,NaN,NaN,NaN,NaN,NaN,NaN,6.1,NaN,6.1,39.1,15.7,0,27.8,NaN,NaN,NaN,0.12,0,0.12
4447,2020-10-15 20:00:00+03,NaN,NaN,NaN,NaN,NaN,NaN,NaN,NaN,5.3,NaN,5.3,90.3,89.1,3.1,8.4,NaN,NaN,NaN,0,0,0
4447,2020-10-15 21:00:00+03,NaN,NaN,NaN,NaN,NaN,NaN,NaN,NaN,4.45,NaN,4.45,99.9,99.9,36.1,8.4,NaN,NaN,NaN,0,0,0
4447,2020-10-15 22:00:00+03,NaN,NaN,NaN,NaN,NaN,NaN,NaN,NaN,3.9,NaN,3.9,100,100,55.7,5,NaN,NaN,NaN,0,0,0
4447,2020-10-15 23:00:00+03,NaN,NaN,NaN,NaN,NaN,NaN,NaN,NaN,3.45,NaN,3.45,100,100,79.9,0.1,NaN,NaN,NaN,0,0,0
4447,2020-10-16 00:00:00+03,NaN,NaN,NaN,NaN,NaN,NaN,NaN,NaN,3.15,NaN,3.15,100,100,93,0.1,NaN,NaN,NaN,0,0,0
4447,2020-10-16 01:00:00+03,NaN,NaN,NaN,NaN,NaN,NaN,NaN,NaN,3.05,NaN,3.05,100,100,92.6,8.8,NaN,NaN,NaN,0,0,0
4447,2020-10-16 02:00:00+03,NaN,NaN,NaN,NaN,NaN,NaN,NaN,NaN,2.85,NaN,2.85,90.1,82.1,43,6.3,NaN,NaN,NaN,0,0,0
4447,2020-10-16 03:00:00+03,NaN,NaN,NaN,NaN,NaN,NaN,NaN,NaN,2.3,NaN,2.3,2.6,0,1.3,1.3,NaN,NaN,NaN,0,0,0
4447,2020-10-16 04:00:00+03,NaN,NaN,NaN,NaN,NaN,NaN,NaN,NaN,1.6,NaN,1.6,4.8,0,1.8,3.1,NaN,NaN,NaN,0,0,0
4447,2020-10-16 05:00:00+03,NaN,NaN,NaN,NaN,NaN,NaN,NaN,NaN,1.05,NaN,1.05,1.8,0,0,1.8,NaN,NaN,NaN,0,0,0
4447,2020-10-16 06:00:00+03,NaN,NaN,NaN,NaN,NaN,NaN,NaN,NaN,0.65,NaN,0.65,18.6,0,0,18.6,NaN,NaN,NaN,0,0,0
4421,2020-10-11 16:00:00+03,3620.3,1930.4,2685.2,3006,3619.3,4125,4396.7,4625,19.1,0.939,13.5,75.7,55.8,0,44,192.62,0,192.18,191.86,0,191.86
4421,2020-10-11 17:00:00+03,2316.8,1222.8,1411.7,1882.2,2287,2496.1,2588.9,2636.1,16.6,0.895,12.95,98.7,98.7,0,1,130.58,3.73,126.56,137.37,22.72,132.78
4421,2020-10-11 18:00:00+03,618.7,276.8,468.5,542.8,615.9,659,681.8,736.9,13.22,0.693,11.95,98.3,98.3,0,0.6,44.63,0,44.57,51.63,6.24,51.05
4421,2020-10-11 19:00:00+03,NaN,NaN,NaN,NaN,NaN,NaN,NaN,NaN,11.1,NaN,11.1,99.9,99.9,0,1.9,NaN,NaN,NaN,1.72,0.1,1.72
4421,2020-10-11 20:00:00+03,NaN,NaN,NaN,NaN,NaN,NaN,NaN,NaN,10.25,NaN,10.25,98.4,98.4,0,0.1,NaN,NaN,NaN,0,0,0
4421,2020-10-11 21:00:00+03,NaN,NaN,NaN,NaN,NaN,NaN,NaN,NaN,9.35,NaN,9.35,99.6,99.6,0.3,0,NaN,NaN,NaN,0,0,0
4421,2020-10-11 22:00:00+03,NaN,NaN,NaN,NaN,NaN,NaN,NaN,NaN,8.55,NaN,8.55,68,67.9,0.5,0,NaN,NaN,NaN,0,0,0
4421,2020-10-11 23:00:00+03,NaN,NaN,NaN,NaN,NaN,NaN,NaN,NaN,7.95,NaN,7.95,59.6,58.7,2.1,0,NaN,NaN,NaN,0,0,0
4421,2020-10-12 00:00:00+03,NaN,NaN,NaN,NaN,NaN,NaN,NaN,NaN,7.4,NaN,7.4,9.3,7,0.2,2.3,NaN,NaN,NaN,0,0,0
4421,2020-10-12 01:00:00+03,NaN,NaN,NaN,NaN,NaN,NaN,NaN,NaN,6.75,NaN,6.75,11.4,9.4,0.1,2,NaN,NaN,NaN,0,0,0
4421,2020-10-12 02:00:00+03,NaN,NaN,NaN,NaN,NaN,NaN,NaN,NaN,6.15,NaN,6.15,93.4,93.2,0,2.8,NaN,NaN,NaN,0,0,0
4421,2020-10-12 03:00:00+03,NaN,NaN,NaN,NaN,NaN,NaN,NaN,NaN,5.85,NaN,5.85,89.1,84.9,0,27.7,NaN,NaN,NaN,0,0,0
4421,2020-10-12 04:00:00+03,NaN,NaN,NaN,NaN,NaN,NaN,NaN,NaN,5.85,NaN,5.85,99.5,97.1,0,85.1,NaN,NaN,NaN,0,0,0
4421,2020-10-12 05:00:00+03,NaN,NaN,NaN,NaN,NaN,NaN,NaN,NaN,6.3,NaN,6.3,99.9,93,0,99.2,NaN,NaN,NaN,0,0,0
4421,2020-10-12 06:00:00+03,NaN,NaN,NaN,NaN,NaN,NaN,NaN,NaN,6.95,NaN,6.95,96.5,91.2,5.5,58.2,NaN,NaN,NaN,0,0,0
4421,2020-10-12 07:00:00+03,NaN,NaN,NaN,NaN,NaN,NaN,NaN,NaN,7.6,NaN,7.6,99.8,98.7,10.6,84.3,NaN,NaN,NaN,0.01,0,0.01
4421,2020-10-12 08:00:00+03,NaN,NaN,NaN,NaN,NaN,NaN,NaN,NaN,8.75,NaN,8.75,100,99.8,3.9,99.8,NaN,NaN,NaN,0,0,0
4421,2020-10-12 09:00:00+03,0,0,0,0,0,0,0,0,9.92,0,9.8,100,99.1,99.7,100,4.05,0.01,4.03,4.1,0.03,4.1
4421,2020-10-12 10:00:00+03,307.2,128.5,287.3,422.7,771.9,975.1,1158.5,1258.9,10.86,0.566,10.1,94.7,91.4,1.5,38.5,27.2,2.18,24.96,26.3,5.21,25.39
4421,2020-10-12 11:00:00+03,4323.2,1206.1,1480.8,2093.6,2922.8,3567.1,4175,4821.8,16.52,0.968,10.55,92.5,81.1,7.1,55,222.94,27.05,195.36,177.79,53.39,163.48
4421,2020-10-12 12:00:00+03,2465.6,900.4,1694.5,2587.1,3408.3,4001.5,4617.8,5458.3,14.42,0.911,11,79.4,59.2,2,49.4,135.05,8.77,126,127.61,15.86,122.3
4421,2020-10-12 13:00:00+03,7678.6,1227.3,2781.7,3555.2,4985,6712.6,7437.3,8152.2,20.98,0.996,11.35,41.8,21.4,0,25.9,383.51,106.34,276.34,314.69,191.74,243.43
4421,2020-10-12 14:00:00+03,6768.7,2756.8,3415.7,4381.1,5218.4,6245.7,6863.4,7435.3,20.14,0.991,11.7,99.9,99.9,0.1,18.9,340.63,81.9,257.98,295.86,160.04,235.84
4421,2020-10-12 15:00:00+03,4194.2,1222,2410.2,3022.2,4168.5,4936,5442.4,5739.4,16.97,0.964,11.6,99.9,99.8,3.4,39.1,217.73,8.27,208.99,210.39,19.37,203.7
4421,2020-10-12 16:00:00+03,2668.6,1428.5,1936.5,2413.3,2904.7,3553.9,3786.8,4030.7,14.94,0.92,11.4,100,100,0.3,16,145.57,5.39,139.86,145.52,17.58,140.53
4421,2020-10-12 17:00:00+03,1868.9,366.1,482.8,866.7,1184.3,1605.5,1801.5,2310.2,13.85,0.875,11.25,53.6,0,0,53.6,108.93,6.44,102.21,115.36,40.62,107.4
4421,2020-10-12 18:00:00+03,473.8,45.3,125,206.9,272.7,363.2,499,556.1,11.95,0.646,11.05,100,0,0,100,36.67,0,36.53,43.97,18.18,42.37
4421,2020-10-12 19:00:00+03,NaN,NaN,NaN,NaN,NaN,NaN,NaN,NaN,10.85,NaN,10.85,0.4,0,0,0.3,NaN,NaN,NaN,0.25,0.01,0.25
4421,2020-10-12 20:00:00+03,NaN,NaN,NaN,NaN,NaN,NaN,NaN,NaN,10.75,NaN,10.75,2.3,0,0,2.3,NaN,NaN,NaN,0.01,0,0.01
4421,2020-10-12 21:00:00+03,NaN,NaN,NaN,NaN,NaN,NaN,NaN,NaN,10.5,NaN,10.5,94.4,0,0.9,94.3,NaN,NaN,NaN,0,0,0
4421,2020-10-12 22:00:00+03,NaN,NaN,NaN,NaN,NaN,NaN,NaN,NaN,10.05,NaN,10.05,100,0,99.7,100,NaN,NaN,NaN,0,0,0
4421,2020-10-12 23:00:00+03,NaN,NaN,NaN,NaN,NaN,NaN,NaN,NaN,9.5,NaN,9.5,75.8,0,72,16.2,NaN,NaN,NaN,0,0,0
4421,2020-10-13 00:00:00+03,NaN,NaN,NaN,NaN,NaN,NaN,NaN,NaN,9.1,NaN,9.1,86.4,0,18,86.4,NaN,NaN,NaN,0,0,0
4421,2020-10-13 01:00:00+03,NaN,NaN,NaN,NaN,NaN,NaN,NaN,NaN,8.9,NaN,8.9,100,84.6,100,100,NaN,NaN,NaN,0,0,0
4421,2020-10-13 02:00:00+03,NaN,NaN,NaN,NaN,NaN,NaN,NaN,NaN,8.55,NaN,8.55,100,0.4,100,100,NaN,NaN,NaN,0,0,0
4421,2020-10-13 03:00:00+03,NaN,NaN,NaN,NaN,NaN,NaN,NaN,NaN,8.3,NaN,8.3,100,98.9,100,99.7,NaN,NaN,NaN,0,0,0
4421,2020-10-13 04:00:00+03,NaN,NaN,NaN,NaN,NaN,NaN,NaN,NaN,8.3,NaN,8.3,100,71.2,100,97.3,NaN,NaN,NaN,0,0,0
4421,2020-10-13 05:00:00+03,NaN,NaN,NaN,NaN,NaN,NaN,NaN,NaN,8.5,NaN,8.5,100,97.4,97.4,100,NaN,NaN,NaN,0,0,0
4421,2020-10-13 06:00:00+03,NaN,NaN,NaN,NaN,NaN,NaN,NaN,NaN,8.65,NaN,8.65,98.6,0,2.8,98.6,NaN,NaN,NaN,0,0,0
4421,2020-10-13 07:00:00+03,NaN,NaN,NaN,NaN,NaN,NaN,NaN,NaN,8.65,NaN,8.65,100,0.1,100,100,NaN,NaN,NaN,0,0,0
4421,2020-10-13 08:00:00+03,NaN,NaN,NaN,NaN,NaN,NaN,NaN,NaN,8.7,NaN,8.7,48.3,0,0,48.3,NaN,NaN,NaN,0,0,0
4421,2020-10-13 09:00:00+03,664.8,11.8,45.1,160.8,500,654.8,680.3,684.2,10.07,0.714,8.7,2.4,0,0,2.4,46.8,3.93,42.99,33.91,13.48,33.11
4421,2020-10-13 10:00:00+03,3458.7,456.8,778.7,2085.8,2969.1,3357.1,3475.5,3547,14.13,0.954,8.85,5.5,0,0,5.5,182.09,30.84,150.53,125.69,74.43,113.03
4421,2020-10-13 11:00:00+03,2733.1,475.5,1007.1,2292.2,3626.8,4784.1,4907.4,4985.9,13.42,0.929,9.15,100,0,0,100,146.96,27.84,118.76,121.86,55.51,107.28
4421,2020-10-13 12:00:00+03,2054.1,331.8,774.1,1596.7,3337,5391.6,5661.3,5748.6,12.93,0.892,9.6,93.1,0,0,93.1,114.92,10.65,104.03,105.87,19.45,99.46
4421,2020-10-13 13:00:00+03,5694.7,450.9,899.4,3146.6,4142.7,6279,7785,7891.2,18.44,0.985,10.25,17.9,0,0,17.9,287.62,70.34,216.66,241.25,128.1,194.41
4421,2020-10-13 14:00:00+03,6854.3,410.1,1038,3315.7,5236.5,6668.5,7444.7,7736.7,20.52,0.99,10.8,91.2,0,0,91.2,345.18,106.77,237.64,295.82,210.96,217.99
4421,2020-10-13 15:00:00+03,4058.7,476.7,1627.1,2804.4,4392.2,5005.7,5652.4,6029.7,16.88,0.961,10.95,97.7,0,0,97.7,212.32,48.27,163.56,195.81,114.52,157
4421,2020-10-13 16:00:00+03,2106.5,714.1,1568.1,2209.5,2879.3,3481.7,3834.3,3981.4,14.16,0.891,10.75,99.9,0,0,99.9,120.03,17.22,102.5,118.89,57.22,103
4421,2020-10-13 17:00:00+03,755.3,310.3,589.5,919.5,1448.3,1779.7,1920.7,2032.1,12.04,0.732,10.5,83.9,0,0,83.9,52.2,1.83,50.25,53.56,11.96,51.29
4421,2020-10-13 18:00:00+03,424,67.2,134.3,237.7,392.3,477.6,522.4,541.6,11.08,0.627,10.05,24,0,0,24,33.81,0,33.68,39.77,12.69,38.73
4421,2020-10-13 19:00:00+03,NaN,NaN,NaN,NaN,NaN,NaN,NaN,NaN,9.2,NaN,9.2,59.2,0,0,59.2,NaN,NaN,NaN,0.67,0.08,0.67
4421,2020-10-13 20:00:00+03,NaN,NaN,NaN,NaN,NaN,NaN,NaN,NaN,8.2,NaN,8.2,32.8,10.2,0,25.2,NaN,NaN,NaN,0,0.07,0
4421,2020-10-13 21:00:00+03,NaN,NaN,NaN,NaN,NaN,NaN,NaN,NaN,7.3,NaN,7.3,3.2,1.1,0,2.2,NaN,NaN,NaN,0,0,0
4421,2020-10-13 22:00:00+03,NaN,NaN,NaN,NaN,NaN,NaN,NaN,NaN,6.5,NaN,6.5,4.2,3.8,0,0.4,NaN,NaN,NaN,0,0,0
4421,2020-10-13 23:00:00+03,NaN,NaN,NaN,NaN,NaN,NaN,NaN,NaN,5.8,NaN,5.8,49.5,49.5,0,0,NaN,NaN,NaN,0,0,0
4421,2020-10-14 00:00:00+03,NaN,NaN,NaN,NaN,NaN,NaN,NaN,NaN,5.35,NaN,5.35,5.1,4.3,0,0.8,NaN,NaN,NaN,0,0,0
4421,2020-10-14 01:00:00+03,NaN,NaN,NaN,NaN,NaN,NaN,NaN,NaN,5.1,NaN,5.1,11.2,1.2,0,10.1,NaN,NaN,NaN,0,0,0
4421,2020-10-14 02:00:00+03,NaN,NaN,NaN,NaN,NaN,NaN,NaN,NaN,4.85,NaN,4.85,6.8,1.1,0,5.8,NaN,NaN,NaN,0,0,0
4421,2020-10-14 03:00:00+03,NaN,NaN,NaN,NaN,NaN,NaN,NaN,NaN,4.5,NaN,4.5,0.7,0.1,0,0.5,NaN,NaN,NaN,0,0,0
4421,2020-10-14 04:00:00+03,NaN,NaN,NaN,NaN,NaN,NaN,NaN,NaN,4.1,NaN,4.1,2.3,0.1,0,2,NaN,NaN,NaN,0,0,0
4421,2020-10-14 05:00:00+03,NaN,NaN,NaN,NaN,NaN,NaN,NaN,NaN,3.75,NaN,3.75,2.2,0,0,2.1,NaN,NaN,NaN,0,0,0
4421,2020-10-14 06:00:00+03,NaN,NaN,NaN,NaN,NaN,NaN,NaN,NaN,3.5,NaN,3.5,4.5,3.4,0,1.2,NaN,NaN,NaN,0,0,0
4421,2020-10-14 07:00:00+03,NaN,NaN,NaN,NaN,NaN,NaN,NaN,NaN,3.35,NaN,3.35,61.6,60.7,0,2.1,NaN,NaN,NaN,0,0,0
4421,2020-10-14 08:00:00+03,NaN,NaN,NaN,NaN,NaN,NaN,NaN,NaN,3.4,NaN,3.4,60.7,59.3,0,3.5,NaN,NaN,NaN,0,0,0
4421,2020-10-14 09:00:00+03,521.4,NaN,NaN,NaN,NaN,NaN,NaN,NaN,4.77,0.682,3.75,63,61.1,0,4.9,38.42,2.53,35.93,30.6,8.82,30.12
4405,2020-10-11 10:00:00+03,0,0,0,0,0,0,0,0,10.88,0,10.75,100,99.7,100,100,4.4,0,4.39,4.47,0,4.47
4405,2020-10-11 11:00:00+03,70.2,19.7,26.1,37.7,67.2,103.1,143.1,263.6,11.3,0.294,10.95,100,100,100,81.3,11.93,0.01,11.9,12.11,0.01,12.11
4405,2020-10-11 12:00:00+03,901.8,75.6,117.2,189.8,313.2,541.5,822.3,1664.6,12.85,0.761,11.15,100,100,88.9,99.9,59.14,3.91,55.11,58.45,7,56.07
4405,2020-10-11 13:00:00+03,2020.6,302.9,375.9,613.2,987.3,1830.4,2549.5,3159,14.83,0.883,11.6,99.9,99.2,79.3,56.1,114.22,9.68,104.31,110.72,17.29,104.19
4405,2020-10-11 14:00:00+03,5664.9,401.1,1314.6,2154.6,3090.4,4213.3,5626,6555.1,20.67,0.975,12.45,83.3,0.4,3.1,82.7,289.56,70.83,218.11,254.25,136.89,202.07
4405,2020-10-11 15:00:00+03,4742.5,304.3,1946.8,2641.7,4578.2,5143.5,5466.3,5684.2,20.09,0.962,13.2,91.2,50.9,1.2,81.2,247.08,44.22,202.31,230.69,102.13,194.81
4405,2020-10-11 16:00:00+03,3385.8,466.5,2027.6,2543,3276.5,4134.2,4502.9,4651.5,18.31,0.935,13.25,75.6,68.6,0,22.1,182.03,11.19,170.43,180.01,35.8,169.62
4405,2020-10-11 17:00:00+03,2527.9,1257.2,1643,1777.7,2033.8,2447.9,2589.2,2694,16.45,0.907,12.6,49.6,49.3,0,0.4,141.91,8.12,133.45,152.01,49.41,142.02
4405,2020-10-11 18:00:00+03,688.3,356,432.2,519.1,591.7,670.3,716.8,744.1,13.06,0.713,11.7,98.2,98.2,0,0,48.26,0,48.2,57.81,11.9,56.69
4405,2020-10-11 19:00:00+03,NaN,NaN,NaN,NaN,NaN,NaN,NaN,NaN,10.8,NaN,10.8,96.9,96.9,0,0,NaN,NaN,NaN,1.74,0.04,1.74
4405,2020-10-11 20:00:00+03,NaN,NaN,NaN,NaN,NaN,NaN,NaN,NaN,9.8,NaN,9.8,99.6,99.6,0,0,NaN,NaN,NaN,0,0,0
4405,2020-10-11 21:00:00+03,NaN,NaN,NaN,NaN,NaN,NaN,NaN,NaN,8.9,NaN,8.9,99.7,99.7,0.1,0,NaN,NaN,NaN,0,0.02,0
4405,2020-10-11 22:00:00+03,NaN,NaN,NaN,NaN,NaN,NaN,NaN,NaN,8.2,NaN,8.2,98.7,98.6,4.3,0.1,NaN,NaN,NaN,0,0,0
4405,2020-10-11 23:00:00+03,NaN,NaN,NaN,NaN,NaN,NaN,NaN,NaN,7.75,NaN,7.75,89.9,87.8,16.9,0,NaN,NaN,NaN,0,0,0
4405,2020-10-12 00:00:00+03,NaN,NaN,NaN,NaN,NaN,NaN,NaN,NaN,7.4,NaN,7.4,76.5,70.9,12.5,7.4,NaN,NaN,NaN,0,0,0
4405,2020-10-12 01:00:00+03,NaN,NaN,NaN,NaN,NaN,NaN,NaN,NaN,6.95,NaN,6.95,71.6,37.3,2.1,53.6,NaN,NaN,NaN,0,0,0
4405,2020-10-12 02:00:00+03,NaN,NaN,NaN,NaN,NaN,NaN,NaN,NaN,6.75,NaN,6.75,77.2,10,0.2,74.6,NaN,NaN,NaN,0,0,0
4405,2020-10-12 03:00:00+03,NaN,NaN,NaN,NaN,NaN,NaN,NaN,NaN,6.9,NaN,6.9,96.9,29.5,0,95.8,NaN,NaN,NaN,0,0,0
4405,2020-10-12 04:00:00+03,NaN,NaN,NaN,NaN,NaN,NaN,NaN,NaN,7.2,NaN,7.2,100,54.2,0,100,NaN,NaN,NaN,0,0,0
4405,2020-10-12 05:00:00+03,NaN,NaN,NaN,NaN,NaN,NaN,NaN,NaN,7.55,NaN,7.55,100,99.4,41.9,100,NaN,NaN,NaN,0,0,0
4405,2020-10-12 06:00:00+03,NaN,NaN,NaN,NaN,NaN,NaN,NaN,NaN,7.9,NaN,7.9,99.6,87.7,0.1,96.4,NaN,NaN,NaN,0,0,0
4405,2020-10-12 07:00:00+03,NaN,NaN,NaN,NaN,NaN,NaN,NaN,NaN,8.15,NaN,8.15,89.1,87.4,0.3,12.8,NaN,NaN,NaN,0.01,0,0.01
4405,2020-10-12 08:00:00+03,NaN,NaN,NaN,NaN,NaN,NaN,NaN,NaN,8.55,NaN,8.55,91.1,83.4,1.2,46.2,NaN,NaN,NaN,0.01,0,0.01
4405,2020-10-12 09:00:00+03,66.2,10.2,46.1,72.9,114.5,142.9,161.1,173.1,9.78,0.286,9.45,100,83,5.7,99.9,11.59,0.17,11.39,11.63,0.59,11.59
4405,2020-10-12 10:00:00+03,431,123.8,228.6,558.2,793.1,1054.5,1219.9,1367.7,11.09,0.63,10.15,100,96.6,6.2,99.3,34.2,0.99,33.14,34.13,2.37,33.71
4405,2020-10-12 11:00:00+03,2242.5,418.5,886.1,1508.9,2057.1,2793.9,3241.8,3968.8,13.77,0.901,10.5,98.7,95.3,1.7,71.8,124.34,6.8,117.27,114.14,13.42,110.54
4405,2020-10-12 12:00:00+03,4325.1,1582.3,1875.6,2514.5,3633,4346.9,5074.4,6424.8,16.59,0.968,10.9,91.2,85.9,1,36.9,222.7,31.57,190.65,190.24,57.1,171.11
4405,2020-10-12 13:00:00+03,5363.4,2169.2,2653.1,4051.8,5528.5,6365.5,7101.6,7411.1,17.99,0.982,11.2,86.7,77,16.3,32.9,271.76,61.17,210.02,233.9,110.29,192.91
4405,2020-10-12 14:00:00+03,6357.4,2033.9,2912.3,3770.6,4595.3,6307.4,6763.3,7201.4,19.36,0.99,11.4,98,97.9,0.2,5.3,320.54,49.29,270.55,284.44,96.32,248.32
4405,2020-10-12 15:00:00+03,4935.2,1281.2,2263.3,2909.1,4364.6,5081,5527.4,5994.6,17.79,0.976,11.5,99.8,99.6,3.4,62.7,253.18,19.08,233.55,237.68,44.66,222.26
4405,2020-10-12 16:00:00+03,2305.8,867.8,1269.4,1703.3,2201.7,2904.5,3476.5,3903.2,14.57,0.902,11.4,100,99.8,100,54.4,128.49,6.92,121.28,128.61,22.57,122.2
4405,2020-10-12 17:00:00+03,343.3,260.7,361.1,674.9,863,1166.4,1381,1705.2,11.51,0.586,10.8,100,100,100,15.8,29.3,0.02,29.22,29.75,0.13,29.73
4405,2020-10-12 18:00:00+03,45.6,20.2,39.1,63.4,110.2,170,197,232.6,10.5,0.229,10.25,100,100,44.8,5.1,9.97,0,9.95,10.13,0.18,10.12
4405,2020-10-12 19:00:00+03,NaN,NaN,NaN,NaN,NaN,NaN,NaN,NaN,10.2,NaN,10.2,18,0,0,18,NaN,NaN,NaN,0.59,0,0.59
4405,2020-10-12 20:00:00+03,NaN,NaN,NaN,NaN,NaN,NaN,NaN,NaN,10.25,NaN,10.25,98.5,0,0,98.5,NaN,NaN,NaN,0.06,0.02,0.06
4405,2020-10-12 21:00:00+03,NaN,NaN,NaN,NaN,NaN,NaN,NaN,NaN,10.3,NaN,10.3,92.7,26.3,8.1,90.5,NaN,NaN,NaN,0,0,0
4405,2020-10-12 22:00:00+03,NaN,NaN,NaN,NaN,NaN,NaN,NaN,NaN,10.25,NaN,10.25,100,5.6,100,100,NaN,NaN,NaN,0,0,0
4405,2020-10-12 23:00:00+03,NaN,NaN,NaN,NaN,NaN,NaN,NaN,NaN,9.3,NaN,9.3,99.9,43.7,99.3,57.2,NaN,NaN,NaN,0,0,0
4405,2020-10-13 00:00:00+03,NaN,NaN,NaN,NaN,NaN,NaN,NaN,NaN,8.45,NaN,8.45,100,71.5,100,70.9,NaN,NaN,NaN,0,0,0
4405,2020-10-13 01:00:00+03,NaN,NaN,NaN,NaN,NaN,NaN,NaN,NaN,8.55,NaN,8.55,100,2.1,100,100,NaN,NaN,NaN,0,0,0
4405,2020-10-13 02:00:00+03,NaN,NaN,NaN,NaN,NaN,NaN,NaN,NaN,8.75,NaN,8.75,100,40.8,100,23.2,NaN,NaN,NaN,0,0,0
4405,2020-10-13 03:00:00+03,NaN,NaN,NaN,NaN,NaN,NaN,NaN,NaN,9.05,NaN,9.05,74.6,26.7,21.6,52.9,NaN,NaN,NaN,0,0,0
4405,2020-10-13 04:00:00+03,NaN,NaN,NaN,NaN,NaN,NaN,NaN,NaN,9.2,NaN,9.2,100,100,100,53.4,NaN,NaN,NaN,0,0,0
4405,2020-10-13 05:00:00+03,NaN,NaN,NaN,NaN,NaN,NaN,NaN,NaN,9.1,NaN,9.1,90,0.8,49.7,83.3,NaN,NaN,NaN,0,0,0
4405,2020-10-13 06:00:00+03,NaN,NaN,NaN,NaN,NaN,NaN,NaN,NaN,9.05,NaN,9.05,100,93.6,100,100,NaN,NaN,NaN,0,0,0
4405,2020-10-13 07:00:00+03,NaN,NaN,NaN,NaN,NaN,NaN,NaN,NaN,9.05,NaN,9.05,100,87.7,98.5,100,NaN,NaN,NaN,0,0,0
4405,2020-10-13 08:00:00+03,NaN,NaN,NaN,NaN,NaN,NaN,NaN,NaN,8.85,NaN,8.85,100,0,100,99.7,NaN,NaN,NaN,0,0,0
4405,2020-10-13 09:00:00+03,40.5,6.4,15.5,27,45.5,106.9,132.6,152,9.02,0.213,8.75,99.9,1,99.4,89.1,9.54,0.31,9.21,9.43,1.05,9.37
4405,2020-10-13 10:00:00+03,1894.8,149.5,253.7,464.4,1091.9,1989,2763.7,2881.5,12.32,0.882,9.2,31.3,0,12,22.8,107.8,16.73,90.72,83.64,40.37,76.78
4405,2020-10-13 11:00:00+03,5610.7,407.4,777.4,1372.5,3192.6,5412.1,5900,5972.3,18.03,0.986,9.95,33.9,0,0,33.9,284.06,69.93,213.42,209.31,139.4,172.71
4405,2020-10-13 12:00:00+03,7099.9,377.6,876,1582.4,3144.3,6558.3,7534.5,7609,20.9,0.991,10.65,30.9,0,0,30.9,356.33,102.95,252.59,276.38,188.02,214.45
4405,2020-10-13 13:00:00+03,6775.2,254.4,1674,3122.6,5399.8,7560.6,7957.9,8103.3,20.94,0.988,11.05,100,0,0,100,341.03,104.53,235.77,279.68,190.36,210.07
4405,2020-10-13 14:00:00+03,3249.5,202.4,1138.5,2542.8,4435.5,5929.7,6684,6962,16.14,0.939,11.1,22.6,0,0,22.6,172.72,32.22,140.13,158.98,63.65,135.49
4405,2020-10-13 15:00:00+03,6153.2,213.7,1249.9,1981.7,3989.3,5530.6,6186.9,6573.3,20.5,0.983,11.25,89.5,0,0,89.5,315.01,85.71,228.54,285.04,203.35,216.12
4405,2020-10-13 16:00:00+03,1781.8,NaN,NaN,NaN,NaN,NaN,NaN,NaN,14.23,0.867,11.2,100,0,0,100,104.07,12.16,91.66,103.5,40.4,92.28
4405,2020-10-13 17:00:00+03,943.5,NaN,NaN,NaN,NaN,NaN,NaN,NaN,12.73,0.769,10.9,29.2,0,0,29.2,62.62,3.78,58.68,65.17,24.71,60.48
4405,2020-10-13 18:00:00+03,461.9,NaN,NaN,NaN,NaN,NaN,NaN,NaN,11.64,0.642,10.55,45,0,0,45,35.98,0,35.83,43.42,16.55,42.07
4405,2020-10-13 19:00:00+03,NaN,NaN,NaN,NaN,NaN,NaN,NaN,NaN,9.75,NaN,9.75,3.9,0,0,3.9,NaN,NaN,NaN,0.54,0.02,0.54
4405,2020-10-13 20:00:00+03,NaN,NaN,NaN,NaN,NaN,NaN,NaN,NaN,8.5,NaN,8.5,25.2,0,0,25.2,NaN,NaN,NaN,0.04,0.03,0.04
4405,2020-10-13 21:00:00+03,NaN,NaN,NaN,NaN,NaN,NaN,NaN,NaN,7.55,NaN,7.55,46.2,2.1,0,45.2,NaN,NaN,NaN,0,0,0
4405,2020-10-13 22:00:00+03,NaN,NaN,NaN,NaN,NaN,NaN,NaN,NaN,7,NaN,7,62.4,43.5,0,33.4,NaN,NaN,NaN,0,0,0
4405,2020-10-13 23:00:00+03,NaN,NaN,NaN,NaN,NaN,NaN,NaN,NaN,6.5,NaN,6.5,65.2,49.5,0,30.7,NaN,NaN,NaN,0,0,0
4405,2020-10-14 00:00:00+03,NaN,NaN,NaN,NaN,NaN,NaN,NaN,NaN,6.05,NaN,6.05,14.4,0.4,0,14.1,NaN,NaN,NaN,0,0,0
4405,2020-10-14 01:00:00+03,NaN,NaN,NaN,NaN,NaN,NaN,NaN,NaN,5.65,NaN,5.65,18.9,0,0,18.9,NaN,NaN,NaN,0,0,0
4405,2020-10-14 02:00:00+03,NaN,NaN,NaN,NaN,NaN,NaN,NaN,NaN,5.4,NaN,5.4,0,0,0,0,NaN,NaN,NaN,0,0,0
4405,2020-10-14 03:00:00+03,NaN,NaN,NaN,NaN,NaN,NaN,NaN,NaN,5.05,NaN,5.05,0.1,0.1,0,0,NaN,NaN,NaN,0,0,0
4357,2020-10-06 01:00:00+03,NaN,NaN,NaN,NaN,NaN,NaN,NaN,NaN,14.1,NaN,14.1,100,24.1,0.1,100,NaN,NaN,NaN,0,0,0
4357,2020-10-06 02:00:00+03,NaN,NaN,NaN,NaN,NaN,NaN,NaN,NaN,14.15,NaN,14.15,100,48.4,22.6,100,NaN,NaN,NaN,0,0,0
4357,2020-10-06 03:00:00+03,NaN,NaN,NaN,NaN,NaN,NaN,NaN,NaN,14.2,NaN,14.2,100,78.9,99.3,100,NaN,NaN,NaN,0,0,0
4357,2020-10-06 04:00:00+03,NaN,NaN,NaN,NaN,NaN,NaN,NaN,NaN,14.1,NaN,14.1,100,4.3,100,100,NaN,NaN,NaN,0,0,0
4357,2020-10-06 05:00:00+03,NaN,NaN,NaN,NaN,NaN,NaN,NaN,NaN,13.95,NaN,13.95,100,68.9,100,100,NaN,NaN,NaN,0,0,0
4357,2020-10-06 06:00:00+03,NaN,NaN,NaN,NaN,NaN,NaN,NaN,NaN,13.9,NaN,13.9,100,100,100,100,NaN,NaN,NaN,0,0,0
4357,2020-10-06 07:00:00+03,NaN,NaN,NaN,NaN,NaN,NaN,NaN,NaN,13.55,NaN,13.55,100,91.9,100,100,NaN,NaN,NaN,0,0,0
4357,2020-10-06 08:00:00+03,NaN,NaN,NaN,NaN,NaN,NaN,NaN,NaN,13.1,NaN,13.1,100,70.2,100,100,NaN,NaN,NaN,0.07,0,0.07
4357,2020-10-06 09:00:00+03,0,0,0,0,0,0,0,0,12.85,0,12.8,100,100,100,100,2.13,0,2.12,2.16,0.01,2.15
4357,2020-10-06 10:00:00+03,0,0,0,0,0,0,0,0,12.59,0,12.5,100,0,99.9,100,4.14,0,4.13,4.2,0,4.2
4357,2020-10-06 11:00:00+03,995.9,111.1,171.4,290.4,517.2,1072.6,2381.5,3262.1,14.34,0.774,12.85,91.6,0,1.6,91.5,64.25,5.41,58.71,62.77,10.07,59.73
4357,2020-10-06 12:00:00+03,4048.4,239.2,654.4,1424.1,3402.7,4829,5992.2,6992.3,18.65,0.953,13.75,99.4,98.9,19.9,36.8,211.64,27.27,183.94,186.2,46.65,168.95
4357,2020-10-06 13:00:00+03,5223.1,325,1228.7,3216.3,4453.4,6155.9,6988.3,7757.8,20.64,0.969,14.55,99.9,99.9,0,3.2,269.08,15.42,253.12,249.11,26.24,238.42
4357,2020-10-06 14:00:00+03,4744.1,533.9,1071.8,2117.2,3862.4,4928.1,5920.9,6873.4,21.05,0.959,15.35,100,99.8,1.2,95.1,247.07,17.24,229.32,234.6,31.6,221.59
4357,2020-10-06 15:00:00+03,1166.6,107.8,350,589,1265.6,2348.3,3217,4681,17.24,0.791,15.5,100,100,0.1,81.8,73.72,0.83,72.75,74.67,1.79,73.98
4357,2020-10-06 16:00:00+03,1010.1,98.5,285,497.2,859.5,1584.2,2337.6,2810.6,16.65,0.769,15.1,100,99.9,99.7,100,65.64,0.01,65.5,66.63,0.02,66.62
4357,2020-10-06 17:00:00+03,33.3,27.1,31.8,54.9,103.4,199.9,391.9,486.2,14.91,0.184,14.7,100,61.2,100,100,9.06,0.04,9,9.2,0.21,9.15
4357,2020-10-06 18:00:00+03,0,0,0,0,0,0,0,0,14.1,0,14.05,100,0.3,100,99.9,1.92,0,1.92,1.95,0,1.95
4357,2020-10-06 19:00:00+03,0,0,0,0,0,0,0,0,13.77,0,13.75,100,4.2,97.3,100,0.79,0,0.79,0.81,0.02,0.81
4357,2020-10-06 20:00:00+03,NaN,NaN,NaN,NaN,NaN,NaN,NaN,NaN,13.75,NaN,13.75,71,0,0,71,NaN,NaN,NaN,0,0.01,0
4357,2020-10-06 21:00:00+03,NaN,NaN,NaN,NaN,NaN,NaN,NaN,NaN,13.5,NaN,13.5,96,0,0,96,NaN,NaN,NaN,0.01,0.01,0.01
4357,2020-10-06 22:00:00+03,NaN,NaN,NaN,NaN,NaN,NaN,NaN,NaN,13.05,NaN,13.05,0.9,0,0,0.9,NaN,NaN,NaN,0,0,0
4357,2020-10-06 23:00:00+03,NaN,NaN,NaN,NaN,NaN,NaN,NaN,NaN,12.7,NaN,12.7,16.3,0,0,16.3,NaN,NaN,NaN,0,0,0
4357,2020-10-07 00:00:00+03,NaN,NaN,NaN,NaN,NaN,NaN,NaN,NaN,12.8,NaN,12.8,99.7,0,0,99.7,NaN,NaN,NaN,0,0,0
4357,2020-10-07 01:00:00+03,NaN,NaN,NaN,NaN,NaN,NaN,NaN,NaN,12.95,NaN,12.95,99.5,0,96.6,94.9,NaN,NaN,NaN,0,0,0
4357,2020-10-07 02:00:00+03,NaN,NaN,NaN,NaN,NaN,NaN,NaN,NaN,12.7,NaN,12.7,78.1,0,2.9,77.7,NaN,NaN,NaN,0,0,0
4357,2020-10-07 03:00:00+03,NaN,NaN,NaN,NaN,NaN,NaN,NaN,NaN,12.5,NaN,12.5,10,0,4.9,5.3,NaN,NaN,NaN,0,0,0
4357,2020-10-07 04:00:00+03,NaN,NaN,NaN,NaN,NaN,NaN,NaN,NaN,12.45,NaN,12.45,16.6,0,12.9,4.2,NaN,NaN,NaN,0,0,0
4357,2020-10-07 05:00:00+03,NaN,NaN,NaN,NaN,NaN,NaN,NaN,NaN,12.35,NaN,12.35,25.4,0,23.7,2.2,NaN,NaN,NaN,0,0,0
4357,2020-10-07 06:00:00+03,NaN,NaN,NaN,NaN,NaN,NaN,NaN,NaN,12.35,NaN,12.35,95.8,42.5,92.2,8.3,NaN,NaN,NaN,0,0,0
4357,2020-10-07 07:00:00+03,NaN,NaN,NaN,NaN,NaN,NaN,NaN,NaN,12.3,NaN,12.3,99.7,95.6,90.7,25.3,NaN,NaN,NaN,0,0,0
4357,2020-10-07 08:00:00+03,NaN,NaN,NaN,NaN,NaN,NaN,NaN,NaN,12.05,NaN,12.05,92.3,89.7,10.6,17.2,NaN,NaN,NaN,0.88,0.03,0.88
4357,2020-10-07 09:00:00+03,799.7,179.9,224.8,262,367.6,742.9,934.5,1091,13.44,0.738,12,84.1,0,69.7,47.8,54.65,4.52,49.71,40.9,14.15,39.63
4357,2020-10-07 10:00:00+03,1676.5,287.8,449.9,689.1,1114.7,2057.1,2659.1,3127.3,14.94,0.855,12.3,99.4,0,99.4,8.1,98.16,11.29,86.62,82.72,25.46,77.56
4357,2020-10-07 11:00:00+03,917.5,267.4,437.5,873.5,1210.7,2629.6,3395.2,3779.5,14.14,0.76,12.5,100,0,99.8,99.6,60.29,1.77,58.4,60.39,3.32,59.41
4357,2020-10-07 12:00:00+03,470.6,466.3,646.7,965.6,1520.8,2368.2,3759.4,4008.5,13.36,0.641,12.35,100,0,99.6,99.9,36.65,0.45,36.13,37.04,0.78,36.75
4357,2020-10-07 13:00:00+03,2121.6,665.2,1132.5,1577.2,2732.3,4690.1,5630.3,6813.7,15.87,0.886,12.55,99.9,4.2,99.6,47.9,119.38,13.94,105.2,112.59,23.95,102.98
4357,2020-10-07 14:00:00+03,2896.4,1048.5,1832.3,2622.1,3348.7,5268,6363.8,7090.4,17.45,0.92,13.1,84.8,64,49.4,15.3,156.85,28.95,127.57,146.69,53.61,124.95
4357,2020-10-07 15:00:00+03,5701.4,1116.5,1777.6,3050,4058.4,5349.5,6597,6900.5,21.83,0.971,13.75,37,2.5,33.7,2.2,293.98,55.61,237.72,274.23,121.94,228.34
4357,2020-10-07 16:00:00+03,4073.5,871,1571.2,2804.7,3580.9,4355.1,4933.9,5093.3,20.13,0.948,14.25,30.5,6.7,19.7,7.1,217.81,38.68,178.59,214.66,115.16,178.33
4357,2020-10-07 17:00:00+03,2656.5,955,1119.1,1508.8,2011.1,2483.6,2823.5,2883.2,18.39,0.906,14.3,79,41.4,38.4,42.1,150.1,13.07,136.65,160.22,69.65,144.38
4357,2020-10-07 18:00:00+03,459.5,256.7,293.4,429.7,594.8,765.5,835.4,906.5,15.2,0.633,14.15,100,43.3,100,0.3,36.5,0.23,36.19,40.1,10.92,38.8
4357,2020-10-07 19:00:00+03,0,0,0,0,0,0,0,0,13.96,0,13.95,100,47.3,100,0.1,0.5,0,0.5,0.51,0.01,0.51
4357,2020-10-07 20:00:00+03,NaN,NaN,NaN,NaN,NaN,NaN,NaN,NaN,13.65,NaN,13.65,100,36,100,35.9,NaN,NaN,NaN,0.07,0.03,0.07
4357,2020-10-07 21:00:00+03,NaN,NaN,NaN,NaN,NaN,NaN,NaN,NaN,13.5,NaN,13.5,99.9,16.4,59.6,99.6,NaN,NaN,NaN,0,0.02,0
4357,2020-10-07 22:00:00+03,NaN,NaN,NaN,NaN,NaN,NaN,NaN,NaN,13.65,NaN,13.65,93.4,64.4,59.5,56.5,NaN,NaN,NaN,0,0,0
4357,2020-10-07 23:00:00+03,NaN,NaN,NaN,NaN,NaN,NaN,NaN,NaN,13.6,NaN,13.6,99.9,24.1,92.8,98.3,NaN,NaN,NaN,0,0,0
4357,2020-10-08 00:00:00+03,NaN,NaN,NaN,NaN,NaN,NaN,NaN,NaN,13.35,NaN,13.35,42.3,40.6,0,3.2,NaN,NaN,NaN,0,0,0
4357,2020-10-08 01:00:00+03,NaN,NaN,NaN,NaN,NaN,NaN,NaN,NaN,13.05,NaN,13.05,95.8,95.3,0,9.4,NaN,NaN,NaN,0,0,0
4357,2020-10-08 02:00:00+03,NaN,NaN,NaN,NaN,NaN,NaN,NaN,NaN,12.7,NaN,12.7,99.9,99.9,2.1,6.8,NaN,NaN,NaN,0,0,0
4357,2020-10-08 03:00:00+03,NaN,NaN,NaN,NaN,NaN,NaN,NaN,NaN,12.3,NaN,12.3,98.8,98.6,11.3,2.8,NaN,NaN,NaN,0,0,0
4357,2020-10-08 04:00:00+03,NaN,NaN,NaN,NaN,NaN,NaN,NaN,NaN,11.95,NaN,11.95,99.6,98.9,56.7,22.5,NaN,NaN,NaN,0,0,0
4357,2020-10-08 05:00:00+03,NaN,NaN,NaN,NaN,NaN,NaN,NaN,NaN,11.7,NaN,11.7,98.8,89,82.7,33.3,NaN,NaN,NaN,0,0,0
4357,2020-10-08 06:00:00+03,NaN,NaN,NaN,NaN,NaN,NaN,NaN,NaN,11.6,NaN,11.6,99.9,94,96.1,56.6,NaN,NaN,NaN,0,0,0
4357,2020-10-08 07:00:00+03,NaN,NaN,NaN,NaN,NaN,NaN,NaN,NaN,11.75,NaN,11.75,100,85.8,100,96.9,NaN,NaN,NaN,0,0,0
4357,2020-10-08 08:00:00+03,NaN,NaN,NaN,NaN,NaN,NaN,NaN,NaN,12,NaN,12,100,99.1,100,99.5,NaN,NaN,NaN,0,0,0
4357,2020-10-08 09:00:00+03,0,NaN,NaN,NaN,NaN,NaN,NaN,NaN,12.17,0,12.1,100,99.9,100,36,2.34,0,2.34,2.38,0,2.38
4357,2020-10-08 10:00:00+03,0,NaN,NaN,NaN,NaN,NaN,NaN,NaN,12.25,0,12.1,100,100,100,28.4,5.33,0,5.32,5.41,0,5.41
4357,2020-10-08 11:00:00+03,51.6,NaN,NaN,NaN,NaN,NaN,NaN,NaN,12.29,0.245,12,100,99.7,100,86.1,10.52,0,10.5,10.68,0,10.68
4357,2020-10-08 12:00:00+03,143.1,NaN,NaN,NaN,NaN,NaN,NaN,NaN,12.38,0.417,11.9,100,100,100,56.2,17.13,0.02,17.08,17.39,0.04,17.38
4357,2020-10-08 13:00:00+03,1002.8,NaN,NaN,NaN,NaN,NaN,NaN,NaN,13.87,0.776,12.05,98.3,97.9,78.9,17,64.39,7.19,57.08,62.27,12.47,57.34
4357,2020-10-08 14:00:00+03,6321.2,NaN,NaN,NaN,NaN,NaN,NaN,NaN,21.61,0.98,12.8,97.7,0,0,97.7,321.03,98.86,221.49,280.05,185,206.15
4357,2020-10-08 15:00:00+03,4963.2,NaN,NaN,NaN,NaN,NaN,NaN,NaN,20.22,0.966,13.4,54.2,0,0,54.2,257.44,59.34,197.52,238.44,131.79,189.68
4357,2020-10-08 16:00:00+03,3840.6,NaN,NaN,NaN,NaN,NaN,NaN,NaN,18.53,0.948,13.15,98,0,0,98,205.86,41.62,163.72,202.12,126.14,163.12
4357,2020-10-08 17:00:00+03,2226.9,NaN,NaN,NaN,NaN,NaN,NaN,NaN,16.36,0.891,12.95,50.3,0,0,50.3,128.97,14.03,114.58,137.29,77.2,120.22
4357,2020-10-08 18:00:00+03,668.8,NaN,NaN,NaN,NaN,NaN,NaN,NaN,14.28,0.704,12.95,93.6,0,0,93.6,47.74,0.32,47.37,56.63,20.36,54.34
